date,hour,route,distance_km,delay_minutes
2024-06-14,4,B-D,70.24,3.4
2024-10-25,1,C-D,18.19,-5
2024-08-10,13,A-B,18.45,-5
2024-03-04,7,A-D,72.91,15.3
2024-02-01,18,C-D,35.25,8.6
2024-03-09,9,B-D,20.7,14.9
2024-10-19,9,C-D,93.41,-1.3
2024-04-06,11,A-B,53.56,12.7
2024-10-15,1,C-D,20.48,-5
2024-08-26,18,B-D,26.5,-5
2024-04-02,22,A-C,14.87,-4.1
2024-08-17,9,C-D,12.59,-5
2024-08-02,5,B-C,22.67,-5
2024-02-09,17,C-D,94.38,15.3
2024-06-09,10,A-D,27.97,-2.9
2024-02-17,8,B-D,73.32,5.7
2024-02-01,23,A-D,28.24,15.3
2024-05-25,22,B-D,71.74,4.2
2024-08-24,11,A-C,50.59,3.1
2024-03-07,23,A-C,36.95,11.0
2024-09-11,2,A-C,37.01,-5
2024-08-08,17,B-C,72.08,1.3
2024-07-02,21,B-D,18.75,1.8
2024-04-29,0,B-D,92.95,10.9
2024-05-14,9,A-B,20.09,0.6
2024-03-05,22,C-D,53.27,12.9
2024-01-28,14,A-D,92.8,-1.1
2024-09-03,20,B-D,12.95,-3.6
2024-04-16,14,A-C,13.7,7.8
2024-03-18,17,A-B,28.07,10.8
2024-02-06,6,C-D,35.74,4.7
2024-07-05,15,A-B,16.24,4.9
2024-08-26,15,B-D,25.43,-2.2
2024-05-15,15,A-D,20.58,9.0
2024-04-15,16,B-C,21.45,16.4
2024-06-01,20,A-B,74.23,-1.3
2024-09-22,11,A-C,28.86,-5
2024-06-17,20,A-C,54.06,-0.3
2024-04-09,7,B-D,74.02,13.1
2024-01-15,0,B-C,36.3,8.7
2024-12-20,19,B-C,39.04,-2.3
2024-07-05,2,A-C,13.13,-5
2024-04-10,10,A-C,38.12,17.2
2024-09-02,20,B-C,93.22,-5
2024-12-04,3,B-D,93.56,0.5
2024-08-10,20,B-C,16.0,6.8
2024-07-21,14,B-D,74.73,-3.3
2024-03-06,0,A-C,54.52,3.6
2024-12-01,4,C-D,92.98,-5
2024-03-20,17,C-D,18.11,13.1
2024-11-28,3,C-D,74.67,-5
2024-04-18,0,B-C,19.46,12.5
2024-05-03,18,B-C,27.72,10.8
2024-06-30,14,A-D,54.08,-1.8
2024-09-21,13,C-D,20.66,-5
2024-08-13,5,C-D,15.88,-5
2024-03-17,5,A-C,38.1,9.3
2024-12-15,16,C-D,52.41,-0.6
2024-02-24,17,A-B,18.96,12.1
2024-08-19,17,A-B,94.47,-2.3
2024-02-02,14,B-C,54.87,1.2
2024-05-21,14,C-D,54.04,2.7
2024-09-16,7,A-D,54.38,-0.4
2024-10-13,6,B-D,20.08,-5
2024-07-19,14,B-C,15.36,-5
2024-06-04,3,A-C,73.22,5.3
2024-07-06,4,B-C,22.84,2.1
2024-07-22,15,A-C,74.16,11.7
2024-03-23,22,B-D,52.02,3.0
2024-02-17,23,B-C,13.69,8.6
2024-08-22,14,A-D,13.92,-5
2024-02-02,3,A-C,12.42,3.8
2024-05-19,1,A-C,28.78,10.3
2024-12-12,8,B-D,20.68,-5
2024-09-20,18,B-D,71.64,-5
2024-04-03,13,A-B,29.69,18.6
2024-11-20,2,B-C,15.04,-4.3
2024-03-03,14,A-B,29.97,11.7
2024-08-01,8,C-D,18.22,-4.7
2024-03-23,8,A-B,19.01,-2.8
2024-06-08,20,B-C,53.8,1.3
2024-04-01,8,B-C,90.09,17.8
2024-05-08,1,A-B,15.67,2.7
2024-08-31,7,B-D,15.29,-5
2024-11-28,13,A-D,37.73,8.0
2024-06-06,22,A-C,19.71,-5
2024-12-27,23,A-D,20.02,-1.6
2024-03-07,0,A-B,73.7,9.0
2024-05-10,13,A-C,12.42,12.8
2024-12-09,9,C-D,21.46,-5
2024-01-24,14,A-C,19.35,8.9
2024-06-17,17,B-C,18.17,5.0
2024-06-07,6,B-C,18.01,-1.9
2024-09-14,20,A-C,20.52,-3.1
2024-01-03,2,B-C,90.45,-1.0
2024-01-12,9,B-C,71.16,2.7
2024-10-26,16,A-C,74.46,-5
2024-06-15,23,B-D,19.42,-5
2024-11-12,20,A-C,16.12,-5
2024-08-07,23,A-D,92.53,-5
2024-09-25,16,C-D,94.06,1.1
2024-12-30,21,A-D,71.15,0.9
2024-01-16,1,A-C,71.8,11.2
2024-10-12,1,A-D,15.13,-0.8
2024-12-14,7,B-D,25.02,3.7
2024-09-14,17,A-B,72.63,-5
2024-08-30,8,A-B,91.33,-4.4
2024-11-28,14,B-D,91.91,-5
2024-09-02,21,B-C,90.23,-5
2024-11-03,4,B-C,28.26,-5
2024-12-20,9,C-D,50.67,-5
2024-12-10,3,A-D,21.38,-2.0
2024-05-28,22,C-D,27.32,1.4
2024-10-08,6,B-C,16.68,-5
2024-01-09,9,B-D,16.1,7.7
2024-05-17,12,A-C,18.37,4.2
2024-02-16,4,A-D,51.31,0.6
2024-11-19,16,B-C,15.52,1.1
2024-04-28,15,B-D,35.12,14.1
2024-08-18,12,B-C,70.7,-5
2024-06-25,12,B-C,16.2,10.8
2024-07-22,3,A-C,70.06,-2.8
2024-05-28,8,B-C,13.96,15.4
2024-07-03,13,B-C,90.24,-0.4
2024-02-22,1,A-D,28.17,15.8
2024-08-11,16,B-C,21.87,7.6
2024-08-07,0,A-D,39.57,2.3
2024-02-11,1,A-D,37.25,2.5
2024-03-11,20,B-C,35.24,10.3
2024-08-29,13,B-C,26.49,-5
2024-11-30,8,B-D,71.19,-5
2024-03-02,5,A-D,18.38,7.9
2024-09-13,15,C-D,20.26,-5
2024-08-06,4,C-D,19.22,4.1
2024-03-30,10,C-D,13.6,0.6
2024-04-13,0,A-D,92.06,15.9
2024-07-30,23,C-D,19.88,-5
2024-05-22,18,B-C,21.43,9.9
2024-09-27,20,A-C,13.36,-5
2024-08-16,13,B-C,94.07,0.3
2024-01-12,4,A-B,38.55,7.0
2024-10-27,15,A-B,13.96,-5
2024-09-27,14,B-D,21.92,-5
2024-12-15,3,A-D,73.24,1.3
2024-08-22,2,C-D,90.2,-5
2024-01-20,20,A-D,29.81,-1.6
2024-11-16,8,C-D,72.19,-2.3
2024-06-02,16,C-D,19.94,1.0
2024-04-24,19,A-B,14.69,12.2
2024-06-10,20,A-C,37.63,2.7
2024-10-07,7,A-B,38.52,-5
2024-09-12,21,A-D,35.41,-5
2024-04-26,21,B-D,26.13,12.6
2024-08-03,11,A-D,35.99,-3.2
2024-05-29,23,C-D,13.03,9.3
2024-04-09,7,B-D,19.33,9.9
2024-05-31,3,C-D,38.05,9.5
2024-12-06,1,C-D,22.61,-5
2024-01-28,6,A-B,50.71,5.7
2024-07-20,14,A-D,28.66,-1.9
2024-02-10,5,B-C,18.93,14.3
2024-01-17,9,A-D,71.89,-1.6
2024-07-10,10,B-D,18.54,0.9
2024-08-03,3,C-D,91.04,-3.2
2024-07-01,9,B-D,12.25,-5
2024-08-16,6,B-C,28.69,-4.8
2024-08-30,0,A-D,36.24,-5
2024-07-11,1,B-D,16.02,-5
2024-02-01,8,A-C,70.31,2.7
2024-06-20,19,A-B,28.73,-2.1
2024-12-19,10,B-C,25.02,-1.1
2024-11-20,2,A-B,91.17,-5
2024-08-31,22,B-D,91.93,-5
2024-09-09,4,B-D,18.04,-1.1
2024-06-04,22,A-C,51.18,7.8
2024-11-01,2,C-D,19.96,-5
2024-03-22,7,B-D,15.25,3.4
2024-03-23,13,A-B,13.32,8.8
2024-02-13,6,A-B,37.49,3.9
2024-04-29,4,B-D,38.1,0.7
2024-12-11,7,A-D,54.23,-1.2
2024-05-30,9,B-C,51.34,1.5
2024-05-10,23,B-C,20.2,7.9
2024-05-24,18,A-C,25.32,11.9
2024-05-08,7,C-D,51.16,12.5
2024-01-19,3,A-B,39.41,-5
2024-04-28,14,B-C,16.38,7.3
2024-11-03,18,A-C,13.86,-1.7
2024-04-01,14,C-D,28.87,7.7
2024-11-22,19,A-D,51.75,-5
2024-01-20,11,B-C,18.22,4.4
2024-11-29,6,A-B,91.64,-4.1
2024-12-13,11,A-C,51.56,0.8
2024-10-07,15,A-B,35.51,2.3
2024-07-21,21,C-D,21.2,0.3
2024-12-22,8,B-D,28.34,3.8
2024-08-01,1,B-C,72.83,-5
2024-07-05,20,A-C,38.64,4.3
2024-04-14,0,B-D,20.12,10.4
2024-07-05,14,A-C,18.07,-5
2024-10-09,4,A-D,94.55,-0.8
2024-07-08,23,C-D,18.73,3.4
2024-05-25,5,C-D,22.63,10.1
2024-04-11,9,A-C,94.72,12.3
2024-09-04,10,A-B,54.63,-5
2024-11-13,22,A-C,73.93,2.6
2024-04-23,19,B-D,54.23,9.2
2024-04-21,1,B-D,50.78,4.1
2024-07-02,3,A-C,22.85,1.4
2024-10-14,21,A-B,74.19,-5
2024-03-01,12,C-D,37.75,3.4
2024-08-03,9,C-D,20.13,-5
2024-12-03,11,B-D,52.19,4.6
2024-09-07,14,A-C,38.82,-5
2024-08-22,5,B-D,35.54,-1.9
2024-02-16,14,C-D,53.29,10.4
2024-01-21,20,A-C,16.61,-0.9
2024-02-10,1,C-D,38.26,14.0
2024-03-10,0,A-B,53.66,9.0
2024-09-08,9,A-C,73.94,-5
2024-04-23,2,B-C,53.78,14.3
2024-05-20,14,A-C,27.51,16.0
2024-09-02,6,C-D,28.08,-5
2024-04-11,5,B-D,21.18,13.6
2024-05-22,21,B-C,35.84,5.7
2024-09-28,1,A-D,91.8,-5
2024-08-19,17,C-D,53.44,0.6
2024-10-01,20,B-D,73.99,-5
2024-05-15,12,B-C,50.73,4.5
2024-04-27,5,C-D,74.79,9.3
2024-05-31,16,B-C,28.2,11.9
2024-12-05,10,A-D,15.74,-4.2
2024-04-23,4,B-C,53.13,2.4
2024-01-25,4,B-D,21.06,6.2
2024-01-24,0,A-B,14.84,0.8
2024-09-30,7,B-D,51.51,1.9
2024-03-09,6,B-C,54.14,8.0
2024-05-04,22,A-C,35.48,7.5
2024-11-22,4,A-D,91.35,1.0
2024-01-29,20,C-D,27.97,-5
2024-10-23,14,C-D,53.67,-5
2024-01-23,1,C-D,14.03,16.1
2024-05-01,5,A-B,90.52,0.2
2024-04-10,4,B-D,20.59,2.2
2024-11-25,16,A-D,72.08,-5
2024-02-02,9,A-D,16.97,-0.4
2024-09-01,22,C-D,13.88,-5
2024-02-11,23,A-D,35.88,10.4
2024-02-23,8,A-C,70.19,4.3
2024-12-21,8,A-D,13.33,10.3
2024-10-10,21,B-D,73.94,-5
2024-11-24,6,A-B,50.08,-5
2024-05-13,7,A-D,22.72,8.8
2024-07-18,10,C-D,19.9,-5
2024-11-18,22,A-D,94.9,-5
2024-12-23,0,A-B,39.78,1.2
2024-04-29,18,B-C,91.06,8.3
2024-03-28,4,A-B,12.56,6.3
2024-11-14,5,B-C,21.5,-2.5
2024-11-25,20,A-B,70.34,-3.9
2024-01-24,2,C-D,91.82,7.8
2024-12-06,2,A-D,35.54,-5
2024-04-15,6,A-B,12.17,14.1
2024-11-20,2,A-D,71.44,-5
2024-02-21,4,A-B,93.79,7.7
2024-08-04,8,A-B,26.28,3.6
2024-05-24,1,A-D,91.84,-1.8
2024-09-14,15,B-C,53.73,6.3
2024-07-30,0,B-D,53.87,-5
2024-10-02,18,A-C,74.31,2.7
2024-02-16,18,B-C,20.18,3.9
2024-01-28,0,B-C,35.48,3.0
2024-12-21,5,B-D,51.74,1.0
2024-03-22,9,A-C,71.16,3.8
2024-03-25,3,A-D,90.4,10.1
2024-02-23,20,B-C,25.48,-2.6
2024-07-21,23,A-B,39.44,1.3
2024-05-14,13,C-D,50.86,6.5
2024-11-18,7,B-D,20.66,-2.0
2024-11-26,1,B-C,51.63,-5
2024-03-20,14,A-D,53.71,11.0
2024-05-11,18,A-C,19.67,14.8
2024-11-25,22,A-C,50.96,-5
2024-11-12,4,A-D,22.87,3.0
2024-06-16,19,C-D,25.8,0.2
2024-02-22,5,A-D,12.98,9.8
2024-03-18,4,B-C,71.49,7.4
2024-02-24,8,A-C,37.32,12.3
2024-01-07,12,B-D,71.11,6.0
2024-01-12,4,B-C,53.69,1.0
2024-01-03,23,A-C,92.15,-5
2024-08-03,7,A-D,73.26,-5
2024-11-24,22,C-D,91.14,-3.4
2024-08-09,10,B-C,73.5,-2.2
2024-08-02,7,B-D,73.56,5.2
2024-09-04,14,A-B,54.29,2.5
2024-09-22,21,A-D,90.92,-5
2024-07-18,15,A-B,13.26,-5
2024-04-21,5,A-D,94.76,9.2
2024-10-21,14,C-D,21.59,-2.2
2024-09-19,0,A-D,94.14,-5
2024-08-21,6,A-D,19.96,-5
2024-03-03,23,C-D,28.19,7.0
2024-02-01,0,A-B,39.58,10.1
2024-11-17,22,A-D,27.9,-1.5
2024-07-24,16,A-C,94.8,0.1
2024-08-24,6,A-C,22.65,3.3
2024-04-08,15,A-D,53.6,12.4
2024-03-15,11,A-D,74.15,9.4
2024-05-30,17,A-D,21.9,1.2
2024-08-28,11,A-C,28.52,-5
2024-12-13,5,B-D,16.03,-5
2024-05-23,11,A-C,71.51,-1.4
2024-11-22,2,A-D,25.76,-4.1
2024-06-04,12,A-B,16.14,12.3
2024-03-12,16,B-C,72.91,1.7
2024-12-02,0,A-C,15.28,-3.7
2024-03-14,7,A-C,92.26,13.4
2024-03-19,6,B-D,92.67,0.7
2024-02-16,21,C-D,93.18,-0.0
2024-06-01,6,B-D,71.07,14.0
2024-12-09,3,C-D,13.32,2.6
2024-04-29,4,B-D,37.79,-5
2024-12-24,15,A-C,35.82,0.4
2024-11-02,23,A-B,22.2,-5
2024-12-06,9,B-D,27.13,-1.7
2024-12-12,2,A-C,71.8,-3.2
2024-01-24,21,A-D,29.04,2.2
2024-02-18,16,B-D,38.79,8.5
2024-07-31,20,A-C,25.47,-0.7
2024-12-03,11,B-C,38.89,-5
2024-05-25,13,B-C,36.26,0.3
2024-01-27,9,B-C,29.14,-2.3
2024-05-19,16,B-C,21.27,9.4
2024-03-01,10,A-C,28.57,18.1
2024-02-14,1,B-D,72.77,17.2
2024-07-26,17,C-D,13.99,1.0
2024-08-31,19,A-D,15.95,-5
2024-10-05,19,B-D,50.74,-5
2024-12-14,2,A-C,15.34,-5
2024-08-22,20,A-C,15.32,-2.0
2024-02-21,20,A-B,29.36,1.6
2024-03-12,9,C-D,71.29,5.5
2024-06-12,0,B-D,53.21,8.5
2024-01-28,15,C-D,50.2,11.7
2024-10-21,22,B-D,35.34,-0.0
2024-12-14,12,C-D,54.97,-4.1
2024-07-30,17,A-B,15.22,-3.8
2024-04-18,4,A-D,14.13,16.5
2024-02-15,6,A-B,20.36,6.2
2024-05-21,23,C-D,20.25,4.6
2024-07-06,23,A-D,74.28,-5
2024-02-13,9,A-D,53.55,-5
2024-05-10,1,A-D,12.06,9.6
2024-01-08,20,A-D,93.09,-2.9
2024-11-03,5,B-D,50.3,-3.3
2024-07-07,18,A-D,37.35,10.0
2024-02-29,11,A-D,21.15,20.4
2024-08-01,15,B-D,93.93,5.8
2024-10-17,10,B-C,25.3,-5
2024-11-29,22,C-D,29.35,-4.3
2024-03-18,19,B-C,52.14,6.7
2024-05-06,12,B-D,71.88,7.1
2024-08-19,9,A-D,13.61,-5
2024-05-17,13,A-C,54.6,6.4
2024-05-27,4,C-D,19.37,-5
2024-10-07,21,B-D,27.67,-5
2024-07-14,6,A-D,19.55,-3.5
2024-01-30,21,B-D,38.54,11.1
2024-01-05,12,B-D,50.44,-2.9
2024-06-30,2,A-C,37.9,10.0
2024-09-24,10,B-D,52.95,-5
2024-04-06,6,A-C,12.9,6.2
2024-10-15,11,B-D,92.59,-5
2024-03-17,7,A-B,36.87,17.4
2024-02-11,4,B-C,50.15,10.5
2024-05-23,16,C-D,12.47,8.3
2024-10-16,15,C-D,51.07,4.0
2024-05-23,13,A-B,38.84,11.4
2024-05-10,1,B-C,22.97,-5
2024-07-12,2,A-B,12.17,-5
2024-09-06,2,C-D,71.99,-0.5
2024-03-02,22,A-B,26.59,7.3
2024-12-08,16,B-D,20.24,-0.4
2024-03-22,11,A-C,71.11,12.4
2024-06-29,1,C-D,16.19,1.3
2024-01-25,8,C-D,73.7,6.8
2024-02-21,4,B-C,90.03,-0.6
2024-04-11,21,A-D,27.95,-0.3
2024-08-29,10,B-C,26.95,-3.7
2024-07-10,15,B-D,20.21,3.4
2024-01-07,14,A-D,21.99,-5
2024-03-21,7,A-B,54.33,13.4
2024-08-16,3,B-D,90.11,-5
2024-02-08,14,B-C,29.12,-3.4
2024-03-14,10,A-C,70.28,8.8
2024-08-19,17,A-C,39.35,-3.6
2024-03-20,0,B-C,54.2,14.0
2024-06-20,5,B-C,35.55,-5
2024-03-19,16,A-B,74.48,9.7
2024-12-08,6,C-D,39.18,4.4
2024-07-05,13,B-C,22.63,6.2
2024-02-19,12,B-C,39.48,15.1
2024-05-30,4,A-D,14.21,7.6
2024-09-16,10,C-D,20.22,-4.2
2024-05-26,5,B-C,35.2,-5
2024-07-28,6,B-C,50.9,0.4
2024-04-27,22,A-C,21.0,1.1
2024-02-14,19,A-D,38.81,7.1
2024-12-08,22,A-D,90.96,-0.1
2024-06-06,6,A-B,15.46,-5
2024-01-29,16,B-C,26.41,2.4
2024-11-23,15,A-B,14.05,-4.5
2024-12-06,8,A-C,20.82,-3.4
2024-07-06,1,A-C,71.86,-1.2
2024-09-23,14,C-D,12.6,-5
2024-05-05,10,A-D,91.91,6.6
2024-02-25,23,B-D,37.57,4.4
2024-09-28,17,A-C,13.22,2.1
2024-03-26,3,B-C,27.78,12.4
2024-01-16,0,A-B,73.69,1.4
2024-11-22,18,B-D,51.19,9.5
2024-08-15,3,B-C,90.47,-3.6
2024-08-26,15,C-D,53.81,-2.3
2024-02-26,3,A-B,39.42,2.5
2024-04-26,4,A-D,52.31,6.1
2024-07-22,5,A-B,71.94,-5
2024-09-26,1,B-D,15.88,-2.5
2024-06-22,12,A-C,91.68,-5
2024-06-13,12,C-D,13.62,9.0
2024-03-16,21,B-C,22.35,7.2
2024-02-25,16,A-C,13.62,5.8
2024-04-12,16,A-D,13.13,2.5
2024-08-20,20,A-B,94.9,-3.2
2024-01-21,1,A-D,51.33,0.7
2024-10-04,1,C-D,13.25,-5
2024-09-23,0,B-D,22.75,-5
2024-11-27,5,A-B,14.97,0.7
2024-09-20,8,A-B,37.95,1.0
2024-09-18,4,B-C,37.89,-5
2024-05-20,7,A-D,15.7,6.7
2024-12-21,18,A-C,71.93,8.2
2024-10-07,22,B-C,39.46,-5
2024-06-07,0,A-C,26.11,9.6
2024-09-19,17,B-D,51.98,-1.7
2024-05-02,10,C-D,27.46,5.2
2024-05-25,6,B-C,15.86,5.9
2024-06-27,14,A-D,14.58,2.4
2024-08-13,11,A-D,90.55,-3.1
2024-03-20,13,B-C,71.76,22.8
2024-12-11,6,C-D,54.25,0.5
2024-08-31,8,A-D,73.16,-5
2024-12-26,4,B-D,90.52,-5
2024-03-01,15,B-D,50.75,11.0
2024-05-23,19,C-D,13.9,-1.4
2024-06-29,9,B-C,37.63,2.2
2024-10-31,12,A-D,25.03,-5
2024-07-13,14,B-C,20.68,-5
2024-03-15,13,C-D,37.91,19.2
2024-06-14,19,A-C,26.02,9.3
2024-08-06,0,A-B,13.28,-0.7
2024-10-01,9,C-D,54.99,-5
2024-09-21,16,A-D,72.15,-5
2024-12-12,11,B-D,15.38,-2.1
2024-09-25,7,A-B,36.87,-5
2024-10-20,4,A-C,37.43,-3.0
2024-08-13,19,C-D,28.46,-5
2024-07-04,10,B-C,16.13,-3.1
2024-09-19,5,A-B,74.47,-5
2024-09-17,13,A-D,20.62,-5
2024-09-18,6,C-D,20.06,-0.6
2024-02-24,11,C-D,73.18,9.3
2024-01-22,22,B-D,15.94,-0.3
2024-01-03,9,B-D,90.49,9.0
2024-01-08,21,A-B,18.88,2.0
2024-11-27,17,C-D,20.87,-5
2024-07-29,19,A-B,18.78,-3.6
2024-02-21,2,A-C,52.45,3.4
2024-08-27,19,B-D,94.0,-5
2024-10-23,10,A-C,71.19,-5
2024-05-21,5,A-B,28.14,14.4
2024-02-02,11,A-C,38.12,-5
2024-01-11,1,A-C,37.91,7.8
2024-11-13,7,A-C,18.22,-4.4
2024-10-27,5,B-C,16.49,-5
2024-11-04,8,B-D,13.21,-5
2024-07-18,21,A-D,51.11,-5
2024-09-05,0,A-C,12.87,4.1
2024-07-02,12,A-C,16.86,-2.1
2024-02-28,10,C-D,91.93,14.3
2024-07-25,20,A-B,14.11,3.3
2024-07-17,6,B-D,26.72,-5
2024-08-11,1,B-C,70.13,-3.7
2024-03-07,2,A-C,27.72,3.1
2024-03-06,17,B-D,39.18,11.4
2024-06-29,6,A-D,36.88,-3.1
2024-10-24,6,B-C,37.52,-5
2024-03-08,22,B-C,54.5,13.9
2024-10-27,11,C-D,20.02,-5
2024-03-03,21,C-D,14.71,6.9
2024-05-18,23,B-D,15.29,0.7
2024-07-18,22,A-B,70.89,-4.5
2024-04-28,10,A-C,74.46,19.2
2024-09-13,9,A-C,15.59,-2.2
2024-02-15,7,B-C,22.08,4.2
2024-08-25,20,A-D,94.32,-3.2
2024-05-21,5,A-B,28.4,2.3
2024-07-30,0,A-D,73.5,-5
2024-05-07,12,B-C,70.49,5.2
2024-11-07,23,A-C,73.39,-1.7
2024-07-26,1,C-D,20.15,-3.2
2024-01-21,17,B-C,73.19,2.3
2024-04-01,18,A-C,52.49,-2.6
2024-12-09,21,C-D,29.68,-4.6
2024-02-27,20,B-C,16.38,-1.2
2024-05-05,21,A-B,15.96,1.9
2024-04-17,11,A-D,14.09,6.9
2024-11-11,7,B-C,50.45,-5
2024-08-05,14,B-C,72.52,-5
2024-11-16,14,C-D,15.38,-5
2024-04-15,13,A-D,54.23,9.0
2024-04-06,1,A-D,94.03,1.1
2024-05-13,5,C-D,22.85,1.1
2024-05-07,1,A-C,26.74,0.7
2024-02-17,6,A-D,25.69,3.2
2024-09-04,7,A-D,18.03,-5
2024-12-20,14,A-C,71.76,-5
2024-03-13,18,C-D,19.67,22.5
2024-03-01,17,B-D,94.71,8.4
2024-08-24,12,A-C,15.45,-5
2024-01-07,11,B-D,18.22,5.0
2024-02-26,22,B-C,39.81,3.5
2024-03-23,10,B-D,37.85,6.0
2024-01-24,0,B-D,92.43,10.6
2024-06-18,23,C-D,25.54,-4.7
2024-04-07,17,B-C,13.8,11.4
2024-02-16,20,B-C,73.07,4.7
2024-11-30,7,A-B,21.74,-5
2024-01-13,12,A-C,26.84,8.9
2024-12-15,5,A-B,93.59,-3.8
2024-06-07,23,C-D,26.9,-0.2
2024-04-27,11,A-C,54.6,2.7
2024-05-09,7,A-B,12.54,13.7
2024-12-27,12,A-B,20.47,-5
2024-09-12,23,A-C,28.01,-5
2024-04-26,5,A-C,38.18,4.9
2024-07-24,2,A-B,92.2,0.4
2024-01-02,1,C-D,94.17,9.2
2024-09-18,13,A-C,25.36,1.1
2024-06-22,2,B-D,15.33,4.4
2024-03-31,23,A-C,36.48,0.8
2024-06-27,18,A-C,35.43,6.2
2024-06-14,16,B-D,39.86,12.3
2024-07-24,19,C-D,16.06,-5
2024-01-31,23,A-D,28.05,1.8
2024-07-07,15,A-D,70.68,6.6
2024-06-24,16,A-D,16.24,2.6
2024-12-19,2,A-C,72.9,8.2
2024-10-11,18,B-D,27.65,-5
2024-02-28,7,A-C,20.74,7.4
2024-02-27,7,B-C,70.47,5.2
2024-09-07,7,C-D,36.13,-5
2024-10-20,22,A-B,72.57,-5
2024-07-27,21,A-B,92.2,-4.8
2024-09-14,17,C-D,74.19,3.3
2024-09-20,3,B-D,93.43,-5
2024-10-05,5,A-C,52.38,-3.1
2024-11-12,1,B-D,18.24,-2.7
2024-01-22,0,A-D,54.78,0.0
2024-03-10,13,A-B,54.94,8.2
2024-04-13,18,A-B,74.35,15.7
2024-06-23,23,A-D,16.13,9.7
2024-03-03,7,B-C,53.69,19.2
2024-01-23,19,B-C,13.78,0.0
2024-06-16,19,A-B,16.63,-0.1
2024-04-08,22,B-D,16.19,3.8
2024-10-24,14,A-B,90.1,1.0
2024-04-04,4,C-D,29.37,14.9
2024-12-08,12,A-C,54.38,-5
2024-05-17,14,A-B,13.71,3.4
2024-03-18,15,C-D,39.37,8.3
2024-04-03,19,A-D,73.0,6.5
2024-08-31,5,A-D,92.24,-5.0
2024-09-21,2,B-C,27.64,7.1
2024-06-08,4,C-D,50.22,5.8
2024-08-27,10,C-D,36.94,-1.7
2024-06-30,10,A-B,27.9,-0.5
2024-08-23,19,A-B,70.73,-5
2024-12-09,4,B-C,36.37,-5
2024-10-18,18,C-D,54.78,-4.6
2024-12-23,1,C-D,90.48,1.0
2024-10-19,20,A-B,28.96,-1.6
2024-05-01,4,A-D,13.52,7.7
2024-09-17,20,A-C,29.36,-5
2024-07-26,10,A-B,71.69,-5
2024-09-03,16,B-C,22.05,8.9
2024-06-27,4,A-C,18.04,5.0
2024-08-16,12,C-D,91.51,-5
2024-03-27,18,A-B,19.51,7.5
2024-10-09,21,B-C,16.61,1.1
2024-10-25,2,C-D,19.52,-5
2024-12-19,13,A-D,94.61,3.8
2024-09-05,10,A-C,29.49,-5
2024-11-16,8,A-C,70.1,-5
2024-01-25,12,B-D,22.46,1.9
2024-02-20,6,A-C,70.28,13.1
2024-03-07,19,A-B,12.37,10.5
2024-03-10,0,A-C,27.68,0.3
2024-01-08,20,B-C,13.06,-3.5
2024-11-28,15,B-D,53.39,4.6
2024-06-21,5,A-B,92.07,9.4
2024-06-20,15,C-D,36.29,3.8
2024-08-25,0,A-B,27.82,-4.5
2024-11-10,22,A-D,91.65,-5
2024-02-17,0,A-C,18.71,6.2
2024-07-04,13,B-C,53.4,-3.1
2024-10-11,4,A-D,52.87,-5
2024-12-30,15,A-B,93.24,8.2
2024-11-29,17,A-D,37.8,-5
2024-05-20,4,B-C,14.79,10.9
2024-02-21,20,B-C,22.95,7.6
2024-02-16,0,C-D,18.61,15.8
2024-10-05,16,A-C,53.89,-5
2024-03-17,5,A-D,94.61,15.9
2024-03-23,16,A-B,28.89,8.7
2024-09-12,6,A-D,29.51,9.4
2024-07-18,14,A-C,28.95,6.3
2024-01-08,2,A-D,38.37,2.6
2024-06-28,1,A-C,51.88,5.2
2024-12-02,20,A-C,13.26,-5
2024-05-14,22,B-D,19.16,8.8
2024-11-25,8,B-C,36.08,8.1
2024-10-18,5,B-D,94.67,-5
2024-03-10,9,B-C,13.66,-5
2024-09-05,7,A-C,28.41,-5
2024-10-23,1,A-C,94.42,-5
2024-07-03,1,B-D,20.17,8.7
2024-12-16,0,A-B,22.87,8.9
2024-01-05,4,B-C,20.51,-5
2024-08-25,21,B-D,14.07,1.5
2024-11-24,21,A-D,39.41,-3.1
2024-04-30,6,A-D,70.08,6.8
2024-03-10,16,C-D,20.87,4.4
2024-01-25,10,A-B,12.6,-5
2024-09-06,4,C-D,35.01,-5
2024-11-20,23,C-D,54.97,2.3
2024-09-28,11,B-D,13.75,-4.6
2024-04-24,23,A-B,28.52,22.7
2024-01-08,8,B-C,16.83,4.7
2024-10-11,11,B-C,13.63,-5
2024-01-22,20,B-D,51.41,-0.0
2024-05-17,12,B-D,27.7,10.9
2024-07-15,4,B-D,91.93,-4.8
2024-11-21,0,A-C,52.51,-3.2
2024-05-10,22,C-D,71.88,6.4
2024-02-29,2,C-D,90.17,10.9
2024-01-26,12,A-D,51.62,-1.1
2024-06-10,14,C-D,14.37,-3.2
2024-11-27,15,C-D,27.96,0.1
2024-11-18,23,B-D,28.56,-5
2024-07-20,16,B-C,53.3,-1.6
2024-10-05,21,A-C,53.83,-5
2024-05-14,15,A-D,27.61,1.6
2024-03-13,2,C-D,27.62,8.2
2024-09-27,5,B-C,21.37,-2.9
2024-03-31,20,A-D,94.55,15.2
2024-06-13,12,B-C,94.32,-3.2
2024-12-25,8,B-D,13.82,5.0
2024-12-05,16,C-D,27.26,1.8
2024-08-16,22,A-B,38.17,-2.6
2024-03-30,16,A-C,15.4,3.1
2024-05-01,19,B-C,51.7,12.3
2024-07-14,8,A-B,51.0,-0.7
2024-04-01,9,A-D,51.37,7.1
2024-06-14,8,A-C,29.17,12.4
2024-02-15,6,A-C,39.79,10.3
2024-05-28,19,B-C,15.59,3.1
2024-05-31,13,B-D,73.04,5.3
2024-05-11,11,A-C,39.25,11.8
2024-12-30,18,B-C,15.33,9.0
2024-06-17,2,A-B,92.23,-3.0
2024-11-25,0,A-B,52.82,-0.7
2024-08-24,22,B-D,39.97,-5
2024-07-22,15,A-C,53.76,-0.9
2024-01-05,21,A-C,71.0,-5
2024-05-30,17,B-C,91.94,3.6
2024-08-23,3,A-B,22.24,-5
2024-09-11,2,A-C,52.27,-5
2024-12-14,6,A-D,27.41,6.5
2024-08-01,18,A-C,39.08,2.0
2024-11-16,4,B-C,25.95,-1.7
2024-10-02,8,C-D,25.43,-5
2024-07-15,8,A-D,91.49,-5
2024-12-14,1,B-C,26.24,5.5
2024-07-13,13,C-D,26.52,1.1
2024-11-29,11,B-D,72.44,-1.1
2024-10-25,4,B-C,91.71,-5
2024-12-05,1,A-D,25.04,-0.8
2024-02-04,13,C-D,91.62,3.0
2024-05-29,6,A-D,22.01,14.8
2024-10-30,19,B-D,39.67,-5
2024-01-30,5,B-D,93.2,8.1
2024-01-26,4,A-B,92.98,9.2
2024-10-14,23,A-C,36.1,4.5
2024-12-11,23,B-C,91.06,-0.8
2024-04-15,16,A-B,35.48,4.9
2024-02-16,1,B-D,21.29,5.2
2024-12-17,13,A-C,90.28,11.2
2024-12-22,4,A-B,22.18,-2.3
2024-10-25,10,A-D,53.6,-3.1
2024-06-07,8,B-C,54.21,12.4
2024-04-28,12,A-B,26.9,15.9
2024-11-24,9,A-C,72.73,0.9
2024-04-04,13,B-C,72.01,11.7
2024-01-20,11,A-B,74.62,16.9
2024-09-26,2,B-C,36.74,-5
2024-09-11,2,A-C,36.4,-5
2024-02-15,6,A-C,36.36,13.2
2024-04-26,18,B-C,14.9,10.5
2024-04-09,4,A-D,25.25,8.1
2024-06-19,11,B-D,36.24,1.4
2024-06-01,2,A-D,52.27,0.1
2024-10-09,3,A-C,51.97,-5
2024-10-23,3,B-D,73.48,-5
2024-07-31,18,B-C,13.87,-2.9
2024-03-27,21,A-B,25.02,4.9
2024-11-26,15,B-C,19.31,-1.0
2024-03-19,15,B-C,52.71,10.6
2024-06-15,14,A-C,20.84,6.6
2024-04-11,9,B-D,51.02,9.1
2024-03-06,7,A-D,92.67,10.4
2024-02-24,1,B-D,93.96,9.2
2024-10-19,6,A-D,71.15,-5
2024-05-15,0,B-D,38.12,2.3
2024-02-26,9,C-D,12.42,2.8
2024-10-31,16,A-D,90.31,-5
2024-05-05,2,C-D,29.91,14.7
2024-12-20,5,B-C,25.42,0.7
2024-08-24,18,A-C,13.59,6.1
2024-01-17,2,A-C,21.67,-2.1
2024-12-13,5,A-C,91.72,0.2
2024-04-22,21,B-C,74.88,10.5
2024-01-02,15,A-B,37.63,-0.8
2024-11-04,20,A-B,22.33,-4.6
2024-01-26,11,B-D,15.25,11.3
2024-09-09,21,A-D,35.67,-5
2024-12-21,9,A-B,72.33,0.9
2024-03-25,13,B-D,93.2,-0.8
2024-09-19,9,A-D,52.66,-5
2024-05-09,7,A-C,20.94,8.3
2024-10-14,7,B-D,54.54,-5
2024-07-19,21,B-D,93.13,-5
2024-06-24,12,B-D,13.14,-4.1
2024-12-05,19,B-D,91.52,-5
2024-06-02,15,C-D,16.75,8.7
2024-07-29,19,B-C,35.73,-5
2024-10-06,6,A-B,26.97,-5
2024-06-20,2,B-C,21.51,1.8
2024-08-14,13,A-D,54.04,1.1
2024-01-22,12,A-C,36.36,9.2
2024-03-18,11,A-C,19.76,12.8
2024-07-20,9,B-D,29.78,-5
2024-09-16,19,A-C,94.15,-3.9
2024-01-01,5,A-B,20.27,6.4
2024-12-02,8,A-D,28.38,9.0
2024-09-20,21,B-D,22.64,-5
2024-05-09,21,B-D,14.57,4.0
2024-05-31,11,B-C,73.55,8.1
2024-12-17,12,C-D,93.38,4.1
2024-07-05,22,A-B,16.38,-4.5
2024-12-15,3,C-D,37.24,-2.0
2024-11-06,23,B-D,16.74,-5
2024-09-04,4,A-B,25.72,-5
2024-01-24,12,A-C,72.95,-0.9
2024-05-23,20,A-C,28.86,12.4
2024-07-27,20,A-B,94.75,-2.3
2024-11-23,12,B-D,71.8,-0.4
2024-10-21,15,A-B,92.66,-5
2024-03-12,6,C-D,94.39,12.7
2024-03-28,21,B-C,14.94,16.4
2024-07-15,11,A-D,19.36,3.3
2024-11-13,10,B-D,35.54,-5
2024-05-13,11,B-D,26.93,10.5
2024-04-14,19,B-D,54.19,6.7
2024-11-22,5,B-C,12.76,-4.6
2024-10-13,21,B-D,90.38,-5
2024-07-19,11,A-D,37.65,-4.5
2024-05-12,14,A-B,14.66,14.2
2024-12-23,18,B-C,28.01,-5
2024-02-05,17,A-B,93.01,20.6
2024-07-30,22,A-B,25.83,0.4
2024-12-20,3,B-D,39.21,7.2
2024-06-23,12,B-D,39.03,-1.2
2024-03-14,17,A-D,52.07,13.8
2024-05-27,4,A-C,28.41,6.5
2024-01-02,18,A-D,20.89,2.3
2024-07-25,6,C-D,71.37,2.7
2024-03-08,4,A-C,74.25,-1.4
2024-05-02,16,A-B,29.49,6.4
2024-11-28,12,B-C,21.24,-5
2024-12-26,12,C-D,28.56,0.5
2024-09-17,8,C-D,22.52,-5
2024-06-07,3,B-C,72.84,5.0
2024-01-12,22,C-D,12.61,0.1
2024-06-15,6,A-B,38.15,5.2
2024-01-31,14,C-D,52.98,7.8
2024-01-17,1,C-D,92.34,-2.7
2024-06-23,10,C-D,51.15,1.6
2024-10-11,6,B-C,94.87,-5
2024-04-24,5,A-B,92.52,2.9
2024-08-05,11,A-B,71.37,-2.1
2024-07-18,16,C-D,36.13,-0.8
2024-01-29,11,C-D,28.29,3.7
2024-10-21,4,B-D,39.85,1.1
2024-12-28,19,B-D,19.71,1.9
2024-05-24,6,A-B,74.49,10.5
2024-01-09,14,A-C,93.52,2.8
2024-10-13,22,B-C,73.93,-3.3
2024-01-12,23,A-D,53.6,5.4
2024-01-07,20,A-D,73.15,2.5
2024-05-15,17,B-C,70.82,-3.7
2024-06-05,3,A-B,70.88,-5
2024-06-30,13,A-B,93.57,0.9
2024-03-19,11,B-D,39.95,2.4
2024-06-21,10,B-D,94.88,5.6
2024-05-08,16,B-D,19.77,0.4
2024-12-02,0,A-C,71.39,-0.8
2024-07-15,5,B-D,18.69,-5
2024-02-26,6,A-D,52.66,17.5
2024-02-14,14,A-B,22.45,7.5
2024-09-30,2,B-C,28.12,-2.8
2024-11-23,6,A-B,19.02,-5
2024-06-30,12,A-B,14.96,2.9
2024-08-21,18,C-D,73.43,-0.3
2024-08-13,2,C-D,73.6,-3.1
2024-11-29,21,A-D,21.58,-5
2024-08-28,22,B-D,50.71,0.1
2024-02-02,22,A-C,94.93,-0.1
2024-04-27,0,B-D,53.94,11.0
2024-11-27,1,A-C,16.54,-5
2024-04-12,0,A-B,35.24,8.7
2024-04-22,21,A-B,53.19,21.3
2024-07-30,8,A-B,20.34,-5
2024-12-29,3,A-C,22.04,1.8
2024-03-24,19,C-D,25.53,10.8
2024-01-02,2,A-B,53.24,-5
2024-02-13,16,C-D,53.06,7.4
2024-12-27,1,A-D,53.08,-5
2024-08-22,12,A-D,14.8,-5
2024-09-16,14,A-C,15.54,-4.0
2024-04-16,21,B-D,15.06,13.9
2024-12-12,3,A-B,71.19,1.3
2024-02-21,2,B-C,26.51,6.5
2024-11-06,18,B-C,90.96,-5
2024-02-10,2,A-B,15.41,5.6
2024-07-16,14,B-D,52.87,-5
2024-04-17,23,A-B,16.19,7.4
2024-12-14,4,B-D,94.39,-3.7
2024-04-02,19,B-C,36.28,15.0
2024-06-27,0,B-C,35.47,8.4
2024-08-14,5,A-D,74.66,-4.7
2024-06-15,8,A-C,14.06,-5
2024-01-11,10,A-C,54.43,6.2
2024-05-02,10,A-B,50.81,4.3
2024-01-19,10,B-D,71.68,5.4
2024-08-22,5,A-C,50.27,-5
2024-12-05,17,A-C,39.66,-5
2024-11-19,2,A-D,19.09,-5
2024-01-07,22,B-C,38.58,4.7
2024-08-12,19,A-D,21.45,-5
2024-05-25,12,A-C,26.29,13.8
2024-04-17,20,B-C,54.82,9.3
2024-11-25,23,C-D,21.28,-5
2024-06-04,2,A-B,70.33,-1.8
2024-01-08,2,B-C,12.71,6.4
2024-09-18,22,B-C,92.25,-3.3
2024-02-21,8,B-C,37.04,6.8
2024-02-18,14,B-C,29.16,-0.1
2024-01-16,12,A-C,16.28,5.1
2024-05-22,19,A-B,90.95,-3.4
2024-02-15,5,A-D,72.93,3.7
2024-03-14,15,A-B,94.91,4.4
2024-07-15,8,A-D,14.85,1.4
2024-01-08,8,A-C,26.82,6.3
2024-03-31,4,B-C,93.69,5.5
2024-12-05,3,A-C,90.83,-0.7
2024-07-13,0,A-C,70.97,-0.6
2024-07-06,7,A-D,36.31,8.1
2024-01-04,1,A-B,71.89,-2.8
2024-08-29,14,B-D,12.55,-3.3
2024-10-11,22,B-D,14.02,-5
2024-04-28,13,B-D,12.59,8.4
2024-02-04,8,B-C,37.35,14.6
2024-02-06,16,A-C,38.72,1.8
2024-10-15,19,B-D,12.3,-5
2024-09-24,5,C-D,91.58,-5
2024-02-21,2,B-D,27.34,16.2
2024-03-08,2,B-D,71.59,3.9
2024-04-15,8,A-D,91.81,23.4
2024-09-03,8,A-C,50.05,7.6
2024-11-30,16,A-B,72.35,-4.4
2024-04-29,15,A-D,50.7,-0.4
2024-07-05,4,B-D,94.43,-1.4
2024-07-07,21,A-D,21.5,0.7
2024-01-09,19,B-D,70.41,1.6
2024-08-12,4,A-C,28.74,-3.7
2024-10-25,6,A-B,35.13,-4.4
2024-09-04,7,A-B,36.87,0.7
2024-09-08,21,A-C,54.53,-5
2024-06-07,14,B-C,22.87,9.5
2024-06-13,1,B-D,19.72,1.8
2024-07-10,5,A-C,94.18,-2.4
2024-03-20,19,B-C,52.27,-0.9
2024-03-11,8,A-C,50.6,6.9
2024-08-01,4,A-C,50.68,-5
2024-03-26,7,B-D,18.4,20.0
2024-08-19,13,B-C,53.31,3.6
2024-05-17,22,B-D,12.26,-5
2024-02-23,0,B-C,13.44,18.3
2024-08-03,2,C-D,39.24,-5
2024-12-05,20,A-D,52.92,-5
2024-09-28,18,A-D,91.85,-2.7
2024-09-24,17,A-C,35.38,1.3
2024-04-02,22,B-C,71.18,3.3
2024-07-06,16,B-C,74.11,-1.4
2024-12-15,15,A-C,71.64,-4.0
2024-01-05,14,B-D,28.39,-1.5
2024-04-02,14,B-C,94.86,-0.4
2024-08-08,2,A-C,52.05,7.6
2024-04-29,11,A-D,71.8,4.0
2024-12-05,15,B-C,22.99,-5
2024-02-27,1,C-D,22.42,-2.8
2024-11-11,13,A-D,14.35,-5
2024-10-04,11,B-C,73.79,-5
2024-06-10,5,B-D,70.09,1.2
2024-07-08,3,A-D,91.46,-4.2
2024-10-08,20,A-C,71.24,-5
2024-07-08,9,A-D,25.82,-5
2024-02-03,19,B-D,93.33,4.6
2024-01-08,19,C-D,38.63,-0.7
2024-05-19,0,A-B,90.02,9.6
2024-01-03,5,A-C,19.33,8.6
2024-12-30,7,A-B,12.57,17.5
2024-03-17,15,B-C,14.61,1.4
2024-06-12,9,B-D,72.39,2.4
2024-02-12,8,A-C,25.46,10.4
2024-11-15,1,A-D,25.66,-2.0
2024-09-13,15,A-C,21.03,-5
2024-10-13,1,A-C,93.46,-5
2024-04-27,9,A-B,92.36,13.5
2024-02-03,18,A-C,21.97,1.0
2024-04-28,19,A-B,93.32,9.1
2024-10-16,13,A-C,12.96,-5
2024-11-20,14,A-C,91.29,-5
2024-08-04,16,C-D,28.62,5.0
2024-04-23,16,B-C,21.2,9.3
2024-12-19,14,C-D,22.51,-0.1
2024-12-05,8,A-C,18.31,4.6
2024-08-25,10,A-D,73.41,-5
2024-07-22,10,C-D,71.53,-5
2024-11-07,10,A-B,25.25,-5
2024-11-18,7,B-D,12.99,-2.6
2024-03-02,16,A-D,54.35,4.3
2024-06-08,2,A-B,70.35,-3.2
2024-07-17,13,B-D,13.26,-4.3
2024-06-11,15,A-D,38.85,-1.1
2024-07-09,17,B-D,94.64,9.5
2024-02-23,14,A-B,74.61,3.0
2024-03-09,1,C-D,18.32,6.8
2024-12-02,2,A-D,91.7,-5
2024-09-23,2,A-C,38.49,-5
2024-01-17,9,A-D,20.65,-5
2024-12-24,2,B-C,22.09,-5
2024-05-02,5,B-D,94.03,3.1
2024-12-28,10,B-C,16.46,-5
2024-02-16,8,A-D,74.52,10.8
2024-08-30,7,A-C,54.05,-3.6
2024-04-13,23,A-C,70.97,1.8
2024-09-08,3,C-D,29.01,-0.4
2024-12-22,4,C-D,26.57,0.1
2024-06-23,21,A-C,72.09,6.2
2024-10-21,11,A-B,93.82,-5
2024-11-06,1,A-B,26.14,-5
2024-07-06,9,B-C,51.76,10.5
2024-07-12,9,A-B,18.06,-5
2024-10-17,7,A-D,90.26,-5
2024-03-28,4,B-C,27.52,5.0
2024-06-06,4,A-C,53.57,9.0
2024-12-09,1,B-C,90.86,-5
2024-12-12,17,A-D,15.97,9.9
2024-10-07,14,B-C,38.91,-5
2024-04-19,23,B-C,26.25,-4.3
2024-02-21,3,B-C,16.52,11.9
2024-11-10,2,B-D,70.26,-5
2024-08-24,20,B-D,29.01,-1.5
2024-11-19,18,B-D,29.5,-3.7
2024-06-08,23,B-C,54.57,-5
2024-09-22,2,B-D,37.08,-5
2024-12-06,7,A-C,19.81,-5
2024-12-22,3,A-D,50.17,10.3
2024-10-29,18,B-D,15.59,-5
2024-09-25,9,C-D,93.72,-5
2024-02-21,7,A-D,54.01,11.6
2024-08-09,5,B-D,73.55,7.2
2024-08-01,6,B-C,29.96,-5
2024-09-08,17,C-D,15.34,-5
2024-03-14,19,B-D,92.81,8.7
2024-11-28,17,A-B,92.85,-4.9
2024-01-28,1,A-C,50.12,-5
2024-12-30,6,C-D,39.66,-0.2
2024-10-13,6,A-C,21.16,-5
2024-11-04,22,B-C,51.38,-5
2024-08-03,6,C-D,72.34,-3.8
2024-06-23,22,A-C,73.91,1.4
2024-10-02,8,A-C,54.11,-4.6
2024-04-13,18,A-D,70.55,14.5
2024-08-24,22,C-D,71.08,-3.2
2024-09-18,1,B-D,14.21,-5
2024-02-14,2,C-D,72.08,4.0
2024-04-20,17,B-C,38.83,13.9
2024-05-05,6,A-C,22.35,2.6
2024-06-07,5,A-D,20.23,8.2
2024-03-13,6,C-D,25.62,5.8
2024-08-13,18,B-D,39.72,3.5
2024-08-29,16,A-C,37.96,-4.6
2024-02-07,11,A-D,39.83,7.7
2024-07-25,3,B-C,72.13,-5
2024-07-19,20,A-C,39.32,4.9
2024-10-20,17,A-B,16.25,-5
2024-11-18,22,A-D,39.76,-5
2024-11-13,9,A-C,53.26,-5
2024-12-17,4,A-D,28.39,-2.3
2024-07-23,10,C-D,53.39,-5
2024-10-08,17,B-D,70.91,7.3
2024-02-29,4,A-B,51.62,-0.1
2024-07-05,16,A-B,27.74,0.3
2024-06-15,20,B-D,13.66,-4.1
2024-05-13,0,B-C,91.94,11.3
2024-07-04,20,C-D,13.38,-5
2024-03-23,22,B-D,12.38,17.6
2024-04-17,1,A-D,90.7,6.1
2024-08-11,8,A-B,74.86,1.7
2024-02-24,4,C-D,54.61,18.0
2024-08-10,6,A-B,72.48,2.2
2024-07-16,13,A-B,74.36,-1.9
2024-06-03,1,A-B,12.8,-4.4
2024-01-20,0,B-C,73.47,6.0
2024-02-24,5,A-C,51.79,12.3
2024-04-11,11,A-B,92.17,4.3
2024-04-29,15,A-B,73.53,9.9
2024-03-30,5,A-C,21.97,1.8
2024-08-16,16,C-D,74.53,-5
2024-08-13,17,C-D,14.26,3.5
2024-06-21,21,B-D,54.72,-4.2
2024-01-25,17,C-D,20.48,5.0
2024-11-26,0,C-D,94.61,-5
2024-12-25,16,A-B,93.99,-5
2024-10-18,12,A-D,72.04,-3.0
2024-09-02,18,C-D,19.58,-5
2024-04-18,21,C-D,90.02,11.0
2024-10-23,22,B-C,28.21,-5
2024-06-21,5,C-D,92.73,-2.6
2024-05-20,2,B-D,93.78,11.3
2024-10-20,13,B-C,52.54,0.7
2024-12-26,0,A-B,53.89,3.3
2024-02-28,19,B-D,39.41,9.7
2024-05-11,2,A-D,38.24,11.8
2024-06-02,6,A-B,71.29,7.8
2024-07-08,6,C-D,54.99,-5
2024-11-27,8,B-D,74.32,2.1
2024-07-24,21,A-D,39.79,7.8
2024-12-13,9,A-B,54.94,0.9
2024-10-03,23,A-D,19.76,-0.9
2024-05-12,16,A-B,37.39,-3.5
2024-02-14,2,A-B,20.32,-3.8
2024-05-28,10,C-D,22.78,6.2
2024-11-26,3,A-D,22.19,-4.7
2024-04-24,15,A-C,26.3,10.9
2024-02-01,7,A-C,51.51,9.3
2024-07-15,17,C-D,94.84,0.9
2024-04-18,3,B-D,39.03,3.5
2024-04-28,20,B-D,39.11,-1.9
2024-04-10,8,A-C,53.42,5.1
2024-03-26,4,B-D,37.47,5.9
2024-05-17,18,B-C,14.77,9.2
2024-03-24,10,A-B,26.9,-0.0
2024-02-27,4,B-D,51.41,2.9
2024-04-01,10,A-B,26.02,14.9
2024-03-04,9,B-D,71.85,9.6
2024-12-22,11,B-D,70.99,-5
2024-12-06,21,A-C,25.94,-1.4
2024-12-29,7,A-D,50.32,7.5
2024-01-06,6,C-D,13.03,-2.2
2024-05-01,21,A-B,71.43,6.8
2024-02-21,6,A-D,53.57,8.1
2024-08-06,2,B-C,29.48,-4.7
2024-12-20,0,C-D,36.75,-3.2
2024-04-02,0,C-D,22.94,0.8
2024-04-24,3,A-C,13.34,12.6
2024-06-14,21,B-D,39.96,-2.7
2024-01-14,2,C-D,93.49,-5
2024-05-18,16,A-C,36.82,10.6
2024-12-04,0,A-B,16.97,-5
2024-03-23,11,A-D,27.76,1.8
2024-07-02,11,B-C,50.71,1.7
2024-10-28,3,A-C,27.51,-4.2
2024-10-21,3,C-D,37.06,-5
2024-01-30,7,B-D,19.18,6.7
2024-01-03,7,B-C,21.87,7.5
2024-08-07,10,B-D,90.21,-5
2024-12-09,1,B-D,51.19,10.4
2024-04-11,2,B-C,15.87,11.1
2024-02-15,10,A-D,14.12,3.1
2024-08-16,7,A-D,18.86,4.0
2024-08-09,10,A-B,72.57,2.2
2024-09-11,3,A-D,73.71,-5
2024-11-16,1,B-C,50.2,1.4
2024-04-07,16,B-D,19.14,10.1
2024-04-17,13,B-C,72.27,8.1
2024-12-25,7,A-D,35.5,9.0
2024-07-27,2,C-D,71.44,-5
2024-12-04,21,B-C,18.19,-0.1
2024-08-01,22,B-D,12.78,2.7
2024-05-14,20,A-B,37.51,9.1
2024-09-07,8,A-C,15.35,-5
2024-05-29,2,C-D,94.46,4.6
2024-03-05,4,A-B,37.19,6.5
2024-04-04,18,A-D,15.95,9.8
2024-02-08,3,B-C,18.27,-3.4
2024-06-27,5,A-D,91.83,-4.3
2024-12-30,8,A-C,37.19,5.6
2024-08-08,7,A-D,21.3,-1.9
2024-05-13,22,A-B,16.04,9.5
2024-03-19,1,B-C,16.37,10.1
2024-10-29,10,A-D,92.8,-1.1
2024-11-25,18,C-D,19.56,-4.1
2024-04-14,15,A-D,25.63,3.1
2024-04-23,19,B-C,72.51,13.5
2024-09-14,0,B-D,38.32,-4.8
2024-05-21,3,A-D,72.23,11.9
2024-07-10,16,B-D,21.52,3.9
2024-10-05,9,B-C,39.15,-5
2024-01-17,8,B-D,28.66,6.8
2024-07-02,22,B-C,36.8,6.2
2024-07-03,23,A-D,22.13,6.0
2024-12-12,8,A-D,28.47,-0.1
2024-05-19,17,A-B,26.8,23.4
2024-09-25,21,B-C,93.98,-4.9
2024-06-23,10,B-D,15.6,0.7
2024-02-22,11,A-C,29.48,2.5
2024-01-23,22,A-C,29.24,7.4
2024-08-03,4,B-C,22.87,-5
2024-04-03,22,A-C,26.4,18.4
2024-06-18,1,A-C,14.14,-3.8
2024-04-08,4,B-C,50.6,13.2
2024-07-22,19,B-C,13.96,-5
2024-04-05,12,A-B,71.86,8.4
2024-12-13,1,C-D,70.94,-5
2024-01-11,18,A-D,53.05,3.4
2024-05-03,7,B-D,53.86,13.6
2024-06-13,3,A-B,51.63,-2.6
2024-09-18,14,A-B,19.06,-5
2024-06-08,13,B-C,16.51,16.2
2024-05-03,20,B-D,19.67,18.5
2024-05-03,12,A-D,14.6,1.9
2024-08-28,22,B-D,39.94,-5
2024-01-28,21,B-D,36.14,-3.7
2024-08-28,17,B-D,22.0,-5
2024-02-23,8,A-D,39.69,13.1
2024-04-18,22,A-B,12.47,4.0
2024-02-16,5,B-C,14.16,0.8
2024-12-25,11,C-D,29.91,-1.0
2024-03-27,3,C-D,52.47,-0.3
2024-04-17,7,B-D,29.24,19.3
2024-11-04,19,C-D,51.37,-5
2024-07-08,3,B-C,74.92,-5
2024-11-24,10,A-C,28.37,-2.0
2024-01-12,11,A-C,35.02,4.0
2024-12-05,6,A-D,52.23,-5
2024-12-26,14,A-C,94.58,1.9
2024-01-30,0,B-D,22.44,1.3
2024-01-22,15,C-D,39.0,8.4
2024-10-04,5,A-B,70.87,-3.7
2024-09-13,4,A-D,53.85,2.4
2024-12-03,16,B-C,27.75,1.0
2024-11-11,3,A-C,26.54,-0.8
2024-12-13,6,C-D,53.94,8.2
2024-12-09,14,A-D,91.6,-5
2024-03-05,11,B-D,37.75,8.3
2024-02-24,2,C-D,50.17,8.3
2024-12-18,16,A-D,19.34,0.5
2024-09-23,0,A-B,54.45,-5
2024-08-13,2,A-D,37.66,-2.8
2024-11-20,10,C-D,12.66,-5
2024-07-09,2,A-B,15.12,1.4
2024-05-29,21,B-C,29.6,6.7
2024-02-14,6,B-D,53.98,2.9
2024-01-31,23,B-C,19.54,17.5
2024-12-04,17,B-D,53.0,3.9
2024-10-04,14,B-D,94.03,-5
2024-04-10,7,B-C,28.72,13.1
2024-12-21,9,B-D,13.12,-5
2024-04-21,14,B-C,37.55,6.1
2024-12-28,11,B-D,18.8,-0.3
2024-09-11,23,A-D,35.78,-5
2024-04-04,15,C-D,21.93,1.7
2024-04-11,20,A-D,19.77,8.9
2024-05-21,11,A-D,14.41,2.7
2024-07-11,18,C-D,91.09,1.2
2024-06-03,8,A-C,52.76,6.8
2024-10-15,20,A-C,73.89,-5
2024-12-13,13,B-D,39.17,9.2
2024-08-11,6,A-B,20.06,-5
2024-04-23,20,B-D,36.39,7.2
2024-02-21,5,A-D,54.2,10.5
2024-04-08,14,A-D,52.43,14.7
2024-02-20,0,A-C,35.19,7.0
2024-10-02,13,A-C,93.91,-5
2024-06-05,20,A-D,51.14,-4.4
2024-07-09,3,B-D,90.33,-5.0
2024-11-25,5,A-D,25.77,-5
2024-02-21,1,C-D,94.49,3.2
2024-04-11,7,A-C,13.28,13.2
2024-04-03,8,A-B,29.59,6.9
2024-04-24,11,A-C,94.39,-1.3
2024-01-05,3,B-C,70.54,5.9
2024-12-22,15,A-B,19.05,8.7
2024-07-29,20,C-D,36.12,-1.5
2024-08-01,2,C-D,92.56,-5
2024-09-28,15,B-C,22.14,-5
2024-07-27,6,A-D,14.8,-5
2024-05-05,17,C-D,90.59,11.5
2024-12-16,11,B-D,12.07,-5
2024-04-08,15,A-C,91.5,1.9
2024-12-30,20,A-D,18.71,-0.4
2024-05-31,0,B-D,38.6,4.3
2024-09-23,19,A-C,25.34,-5
2024-01-23,9,B-C,92.73,3.8
2024-03-24,3,A-B,73.21,13.0
2024-07-07,22,A-C,51.97,-1.0
2024-09-13,23,B-D,12.59,-5
2024-08-15,12,A-B,39.63,-4.1
2024-07-13,6,B-C,38.23,1.3
2024-10-11,8,A-B,50.21,-5
2024-08-17,8,A-C,20.2,-2.4
2024-03-19,19,C-D,20.13,3.0
2024-05-19,7,A-B,50.08,15.6
2024-12-05,9,C-D,38.55,0.7
2024-02-02,3,A-B,36.51,4.0
2024-07-11,11,A-C,92.37,-2.6
2024-01-09,0,A-C,51.11,3.5
2024-04-09,19,C-D,12.68,9.2
2024-08-01,14,B-C,51.2,-3.1
2024-02-19,17,A-D,36.53,7.5
2024-01-30,3,A-B,35.32,1.2
2024-05-22,21,B-D,25.93,-2.5
2024-08-11,0,B-C,37.93,-5
2024-11-24,16,A-B,16.01,-0.1
2024-09-10,10,A-C,25.57,-5
2024-06-06,11,A-C,39.57,2.9
2024-09-19,8,C-D,54.46,9.5
2024-05-11,19,A-C,22.99,5.2
2024-11-27,4,C-D,12.4,-1.9
2024-05-12,22,C-D,20.0,3.2
2024-03-30,22,A-D,13.5,9.2
2024-11-24,20,C-D,72.1,-5
2024-04-07,12,B-D,72.12,1.4
2024-11-28,9,B-D,72.85,2.4
2024-09-20,12,A-C,39.75,2.3
2024-10-11,14,A-B,90.41,-5
2024-12-15,23,A-B,72.79,0.6
2024-05-17,14,B-D,26.56,10.6
2024-07-07,5,C-D,70.88,9.9
2024-09-28,6,B-D,29.32,-1.3
2024-09-25,4,A-C,72.75,2.9
2024-05-27,9,A-B,26.03,3.1
2024-01-07,13,A-C,37.33,-5
2024-01-01,3,A-C,36.26,3.2
2024-01-13,18,A-B,38.55,-1.4
2024-05-06,14,B-C,22.85,3.0
2024-07-09,18,A-B,90.62,2.6
2024-12-30,18,A-D,37.75,2.0
2024-07-23,4,C-D,36.33,-5
2024-12-28,18,A-D,71.68,5.0
2024-08-10,6,B-C,53.41,1.6
2024-09-16,3,A-B,26.27,-5
2024-11-26,8,A-D,29.69,-0.3
2024-08-24,14,C-D,29.6,-5
2024-12-18,19,A-C,90.57,-2.1
2024-12-27,4,A-C,19.05,-5
2024-12-07,10,A-C,29.98,-5
2024-11-19,5,A-B,20.23,-1.6
2024-02-04,14,A-B,16.42,4.2
2024-02-14,13,A-C,90.69,-1.5
2024-01-26,18,B-D,19.7,2.2
2024-01-30,20,C-D,13.62,-0.6
2024-11-06,13,A-C,19.68,-3.8
2024-01-29,13,B-D,72.47,4.0
2024-07-10,3,C-D,37.9,4.6
2024-05-13,13,C-D,14.5,6.4
2024-09-26,12,A-B,35.49,-5
2024-08-09,16,C-D,12.58,-5
2024-11-02,15,B-C,15.03,-5
2024-12-08,0,B-D,19.76,0.9
2024-08-27,12,A-B,28.14,-5
2024-06-06,17,A-C,92.83,5.1
2024-10-16,21,A-B,37.3,-5
2024-03-15,19,A-D,36.52,4.6
2024-09-30,1,A-D,29.73,-2.7
2024-12-25,1,A-C,16.55,-0.3
2024-03-25,8,A-C,71.91,12.3
2024-09-27,19,B-C,52.93,1.3
2024-02-21,7,B-D,54.43,12.5
2024-08-17,5,C-D,91.44,-5
2024-07-08,0,C-D,28.98,1.9
2024-01-01,12,C-D,74.64,1.1
2024-02-02,10,B-C,12.78,7.7
2024-12-24,1,C-D,16.27,3.0
2024-08-23,16,A-C,39.1,-4.6
2024-03-19,9,A-C,12.27,4.0
2024-05-12,3,A-C,92.19,-4.8
2024-06-16,4,A-C,28.53,0.5
2024-07-20,21,A-C,93.38,-5
2024-11-05,17,A-C,21.07,-0.0
2024-07-09,4,A-C,73.49,-2.6
2024-06-05,0,B-C,25.49,0.7
2024-05-24,21,B-D,94.08,6.4
2024-06-27,12,A-C,19.04,2.9
2024-01-04,2,A-D,35.42,0.7
2024-07-28,20,B-D,12.16,5.2
2024-06-23,6,A-C,53.94,-1.3
2024-09-29,11,A-D,90.64,-5
2024-07-16,2,B-C,36.41,-2.4
2024-06-15,14,B-C,22.32,-2.0
2024-11-22,15,B-C,38.11,-2.3
2024-02-02,18,B-D,92.14,8.9
2024-09-10,8,B-D,13.16,-5
2024-09-18,13,A-C,14.41,-5
2024-07-14,10,B-D,70.62,-5
2024-07-19,21,A-C,27.05,-5
2024-03-06,9,B-C,39.15,4.4
2024-10-28,15,C-D,50.69,4.7
2024-05-10,20,C-D,90.08,3.5
2024-05-20,17,B-D,29.38,-2.1
2024-04-19,13,A-B,39.98,6.3
2024-12-15,23,A-B,15.18,-5
2024-04-23,9,B-D,20.07,-3.8
2024-08-20,20,B-D,26.95,-5
2024-04-25,2,B-C,50.57,7.2
2024-07-30,21,B-C,52.09,-5
2024-03-28,7,A-D,52.54,16.3
2024-07-16,10,B-D,72.23,-2.4
2024-09-12,18,C-D,21.31,-3.8
2024-06-01,2,A-C,20.49,2.0
2024-06-01,14,C-D,37.66,6.0
2024-12-07,6,A-D,13.9,-2.5
2024-09-27,23,B-C,25.33,-5
2024-04-24,3,A-B,14.44,4.5
2024-01-18,23,B-D,73.63,-5
2024-05-16,5,B-D,18.8,18.2
2024-08-20,22,B-C,94.03,-5
2024-07-20,17,A-B,19.52,-4.6
2024-07-04,21,B-C,51.18,2.3
2024-07-15,7,C-D,91.59,-5
2024-01-05,14,A-D,92.15,-3.2
2024-09-12,7,C-D,71.1,-5
2024-04-16,23,A-D,27.81,2.1
2024-12-22,12,A-B,90.05,-0.3
2024-01-16,18,C-D,71.94,5.8
2024-04-16,13,A-D,52.99,2.5
2024-04-17,15,A-B,38.86,9.0
2024-01-01,22,B-C,28.33,6.8
2024-03-11,20,B-D,93.66,5.5
2024-09-30,15,C-D,21.64,-5
2024-04-11,9,B-D,25.11,4.0
2024-04-08,18,A-C,20.07,23.7
2024-05-26,3,B-C,92.94,9.6
2024-09-20,13,B-C,74.42,-5
2024-05-25,23,A-D,74.6,-0.2
2024-01-07,7,B-C,19.61,11.3
2024-04-11,13,B-C,25.12,10.5
2024-01-07,16,B-C,19.06,-3.5
2024-02-29,20,B-C,25.6,8.8
2024-10-23,14,B-D,26.83,-3.3
2024-09-21,23,A-B,27.1,-5
2024-04-02,15,B-D,29.56,4.7
2024-05-05,8,C-D,70.49,20.8
2024-01-18,6,A-D,51.19,-3.2
2024-10-01,21,B-D,29.3,-5
2024-12-06,20,A-C,37.59,-1.8
2024-08-31,6,A-B,71.72,-2.2
2024-09-05,4,C-D,54.44,-4.4
2024-11-19,3,C-D,50.74,-5
2024-10-25,10,B-D,16.66,-3.7
2024-06-22,12,A-C,91.72,13.5
2024-04-12,6,C-D,54.71,5.2
2024-03-01,22,B-D,94.83,8.6
2024-06-21,4,A-B,21.92,11.4
2024-11-24,10,B-C,70.39,1.3
2024-06-01,20,B-D,94.02,8.5
2024-08-29,8,B-C,29.08,-1.9
2024-03-31,2,A-C,91.72,4.6
2024-10-24,13,A-C,74.73,-4.9
2024-12-26,23,A-B,50.63,-1.2
2024-09-26,15,B-D,53.3,-5
2024-07-29,18,B-C,50.21,12.6
2024-03-10,14,A-C,74.31,7.5
2024-11-21,21,A-D,51.35,-3.6
2024-09-06,13,B-C,14.17,-5
2024-02-23,15,C-D,94.24,-0.3
2024-01-22,12,A-D,20.46,-0.4
2024-09-19,12,A-C,54.38,-5
2024-08-03,8,B-C,13.2,-5
2024-10-18,3,C-D,52.56,-5
2024-09-22,6,A-C,12.46,-5
2024-01-25,13,A-C,12.46,7.6
2024-09-01,15,A-D,74.38,-5
2024-11-20,6,A-C,53.41,0.9
2024-08-25,15,A-C,13.72,-1.6
2024-03-01,23,A-C,35.53,-2.7
2024-06-20,20,C-D,94.72,-1.5
2024-12-16,20,A-B,71.34,-3.5
2024-01-04,15,C-D,92.11,5.6
2024-11-17,13,A-B,36.2,-3.6
2024-09-22,11,C-D,35.74,-5
2024-11-07,2,B-D,13.62,-1.3
2024-02-28,12,B-D,35.87,8.0
2024-10-16,0,A-C,90.26,-5
2024-12-29,9,B-D,71.62,11.7
2024-12-08,7,B-D,29.13,4.6
2024-08-28,14,B-D,13.17,-3.2
2024-07-06,3,B-C,54.09,-5
2024-12-27,22,B-D,22.84,-4.2
2024-08-15,21,C-D,38.94,-3.7
2024-11-11,4,A-B,72.94,-5
2024-03-03,18,A-C,36.71,12.2
2024-10-20,10,A-B,38.06,-2.1
2024-09-22,10,A-D,13.64,-5
2024-11-06,0,A-B,27.05,-5
2024-06-24,1,B-D,13.61,-5
2024-04-15,5,B-C,53.09,13.6
2024-05-10,18,A-D,27.23,5.0
2024-03-20,9,B-C,72.19,10.9
2024-04-08,14,A-C,21.63,6.0
2024-03-29,12,B-C,39.26,11.4
2024-07-05,1,B-D,94.61,-1.0
2024-05-08,5,C-D,28.41,2.9
2024-03-10,4,B-C,74.09,10.7
2024-09-19,16,C-D,18.69,-5
2024-10-05,8,A-B,73.55,-5
2024-08-09,5,A-B,25.46,-1.1
2024-09-12,10,C-D,22.93,-4.4
2024-05-23,11,A-D,93.48,14.3
2024-10-16,20,A-D,14.86,-4.4
2024-01-12,5,C-D,29.33,9.1
2024-08-08,6,A-C,39.91,-0.9
2024-06-23,14,A-B,94.91,0.6
2024-03-01,12,A-D,91.78,18.6
2024-10-10,9,A-D,15.73,3.3
2024-11-05,20,A-D,71.62,-5
2024-05-20,8,C-D,13.17,8.7
2024-07-14,11,C-D,21.27,-4.3
2024-06-22,8,A-C,70.82,-1.9
2024-09-18,9,A-C,54.37,-5
2024-02-26,17,A-C,13.21,2.8
2024-10-10,23,B-D,52.34,-5
2024-01-22,11,A-B,15.25,3.7
2024-01-31,5,A-C,26.47,2.9
2024-12-18,3,C-D,70.79,5.1
2024-10-04,21,B-C,25.88,-5
2024-08-17,5,B-D,35.9,-5
2024-06-14,17,A-C,36.85,8.3
2024-02-14,16,B-C,54.67,14.5
2024-10-01,17,A-D,54.34,-5
2024-10-17,8,C-D,12.76,-5
2024-01-10,17,A-B,12.9,14.9
2024-08-03,8,B-C,12.73,-0.7
2024-07-09,11,B-C,70.77,-5
2024-08-21,14,A-D,90.22,-5
2024-02-21,23,B-C,13.77,15.1
2024-12-21,16,B-D,74.31,-0.8
2024-07-04,14,B-C,22.42,-5
2024-06-05,20,A-B,70.98,5.1
2024-09-27,9,C-D,50.9,-5
2024-10-12,17,A-B,22.6,-2.2
2024-12-10,14,A-D,54.03,-0.7
2024-12-20,0,A-C,13.13,-3.1
2024-03-19,12,C-D,90.75,-2.1
2024-09-27,23,C-D,39.84,-5
2024-04-28,21,B-C,27.79,6.6
2024-09-06,1,B-C,39.41,-5
2024-10-15,19,A-D,51.66,-5
2024-11-29,0,A-D,73.53,-5
2024-01-05,10,B-D,74.14,-1.7
2024-07-22,11,C-D,15.24,0.1
2024-02-09,2,C-D,36.61,5.9
2024-05-13,20,B-D,70.39,15.6
2024-10-13,14,C-D,27.65,-5
2024-10-03,11,B-D,94.78,-5
2024-02-08,13,A-B,51.73,-5
2024-03-05,17,B-D,74.17,14.3
2024-04-23,10,A-B,36.37,6.3
2024-01-29,0,C-D,36.5,0.3
2024-11-01,23,B-C,93.67,-5
2024-12-18,20,A-D,20.36,-5
2024-01-21,3,B-D,51.61,3.9
2024-11-21,16,A-B,93.61,6.0
2024-04-28,8,B-C,73.06,5.2
2024-11-04,3,B-C,14.91,-1.5
2024-02-27,10,B-C,71.65,3.7
2024-06-05,4,A-C,94.83,-5
2024-02-02,14,C-D,71.57,-1.7
2024-04-22,16,A-B,13.87,14.9
2024-06-18,8,C-D,12.38,4.7
2024-09-30,8,A-D,53.2,1.9
2024-12-29,12,C-D,29.55,3.2
2024-01-10,11,B-D,16.72,1.2
2024-10-24,1,A-C,53.54,-1.6
2024-11-30,14,A-B,54.6,4.4
2024-06-27,3,A-C,15.71,4.5
2024-08-22,14,A-C,22.63,-5
2024-09-22,10,A-D,38.35,-5
2024-05-08,13,C-D,52.87,7.4
2024-01-13,17,C-D,92.87,2.5
2024-03-15,14,B-C,20.04,10.6
2024-04-08,0,A-D,16.12,3.8
2024-10-05,4,A-C,27.21,-5
2024-03-30,22,A-B,90.14,3.0
2024-07-05,10,A-B,14.16,0.0
2024-08-18,6,A-B,73.47,2.0
2024-02-25,7,A-C,14.2,14.9
2024-06-10,15,A-C,92.01,2.3
2024-12-24,5,B-C,38.98,0.3
2024-11-17,3,B-D,54.59,-2.9
2024-02-23,2,A-D,21.35,4.3
2024-11-09,21,B-D,39.88,-3.9
2024-07-12,21,A-C,54.32,-5
2024-05-27,17,A-B,54.97,7.8
2024-10-12,5,B-C,26.11,-5
2024-05-06,14,A-D,95.0,-0.6
2024-07-19,16,B-D,37.69,-1.7
2024-04-26,11,B-C,12.36,4.0
2024-03-01,15,A-C,72.31,19.0
2024-08-27,0,B-D,14.9,-5
2024-09-23,13,A-C,16.92,-5
2024-06-25,13,B-C,19.79,-0.4
2024-11-13,6,C-D,26.01,5.9
2024-06-13,23,C-D,12.18,-5
2024-06-02,0,C-D,74.04,11.9
2024-07-18,16,B-D,72.19,4.2
2024-01-09,20,A-D,53.5,2.2
2024-12-10,22,A-D,36.56,-1.5
2024-05-16,17,B-D,13.44,9.5
2024-02-07,14,A-B,52.09,4.1
2024-02-27,23,B-D,94.19,17.2
2024-05-17,0,B-D,16.39,12.3
2024-09-29,20,C-D,19.98,-5
2024-11-07,0,A-D,52.08,2.7
2024-10-17,18,A-C,53.87,9.2
2024-02-12,5,A-C,18.87,-1.4
2024-06-23,12,A-B,27.17,15.4
2024-09-11,6,A-D,27.6,7.4
2024-04-13,10,B-D,21.72,4.1
2024-06-07,1,B-C,71.94,-5
2024-04-27,13,C-D,35.38,11.4
2024-03-04,15,A-B,93.58,10.1
2024-12-21,19,A-B,18.18,7.6
2024-09-27,7,C-D,52.1,3.9
2024-05-02,8,B-C,21.21,6.3
2024-03-29,14,B-C,52.33,13.6
2024-06-03,6,C-D,20.41,10.3
2024-11-22,18,C-D,93.93,-5
2024-07-06,20,A-B,74.9,0.1
2024-02-27,7,A-D,73.2,6.7
2024-01-11,5,B-D,18.03,1.2
2024-04-15,15,A-B,91.3,13.6
2024-05-04,10,A-C,36.32,5.1
2024-09-15,9,A-D,52.46,-4.7
2024-01-02,20,A-C,16.5,-3.6
2024-09-04,4,A-B,52.27,-5
2024-03-01,0,B-C,21.09,3.0
2024-11-13,12,C-D,15.29,-5
2024-04-10,18,B-C,16.43,15.8
2024-02-29,6,C-D,94.85,11.2
2024-07-14,8,A-C,27.03,5.8
2024-05-09,12,B-D,14.12,10.4
2024-09-28,5,A-C,22.32,-2.8
2024-03-13,16,A-D,94.96,14.8
2024-09-09,17,A-C,19.21,-3.0
2024-06-28,22,B-C,73.31,2.3
2024-04-22,2,C-D,50.09,3.8
2024-11-03,2,A-B,91.85,-5
2024-10-28,13,C-D,26.87,-5
2024-10-13,17,A-D,21.85,-5
2024-10-02,22,A-D,16.85,-5
2024-10-18,12,B-D,20.15,-5
2024-08-28,7,A-D,70.36,-2.4
2024-05-17,23,B-C,39.0,-0.5
2024-05-15,22,A-D,92.48,11.8
2024-07-02,16,A-B,72.35,-2.6
2024-09-29,9,B-C,14.45,3.1
2024-08-12,14,B-C,37.5,0.3
2024-09-28,10,B-D,50.67,-0.4
2024-07-06,9,A-C,28.89,0.1
2024-06-13,23,B-D,38.02,3.8
2024-04-15,11,A-C,36.65,4.7
2024-03-07,18,B-D,52.88,18.7
2024-10-31,7,B-C,70.18,-5
2024-03-14,17,C-D,50.33,10.5
2024-11-25,15,B-C,39.59,-5
2024-07-07,6,B-C,54.47,-0.1
2024-09-06,23,C-D,16.74,-2.6
2024-08-28,2,B-D,53.92,-5
2024-03-01,3,B-C,39.07,-3.4
2024-08-29,2,B-D,26.29,-2.7
2024-01-26,5,A-D,91.01,9.2
2024-09-11,19,A-C,20.4,-5
2024-05-14,23,A-D,71.17,6.4
2024-11-08,9,A-B,27.97,5.3
2024-03-25,7,A-D,21.08,14.7
2024-10-25,14,A-C,35.05,-4.6
2024-06-25,9,B-C,94.65,11.0
2024-01-27,10,B-D,13.15,3.5
2024-02-28,4,A-C,54.87,10.3
2024-04-20,14,A-C,13.57,4.9
2024-04-02,5,A-C,29.77,13.2
2024-07-25,0,C-D,35.47,-3.2
2024-03-23,7,A-D,13.14,4.6
2024-01-25,10,A-B,70.38,-5
2024-06-30,3,A-D,70.17,10.4
2024-09-21,4,C-D,50.49,-5
2024-06-16,2,B-C,70.43,-1.1
2024-07-23,3,B-C,13.18,-5
2024-01-25,10,B-C,15.13,-1.0
2024-08-30,7,C-D,35.59,-3.2
2024-11-08,4,C-D,94.29,-3.2
2024-01-06,0,A-B,19.31,-0.2
2024-02-27,3,B-C,20.81,18.7
2024-11-07,0,A-C,50.98,-5
2024-01-19,3,A-B,18.89,6.0
2024-01-26,2,A-D,13.44,2.8
2024-07-23,11,B-D,14.9,-5
2024-05-02,2,C-D,39.28,2.5
2024-10-22,12,C-D,72.11,-2.7
2024-01-27,18,B-C,52.37,6.3
2024-09-16,8,B-C,53.0,-5
2024-08-27,20,A-B,25.57,-5
2024-04-24,12,B-D,19.78,8.4
2024-05-09,4,B-C,74.69,6.3
2024-11-19,19,A-B,16.28,-2.9
2024-12-13,9,B-C,52.21,-3.8
2024-07-05,7,A-B,72.3,-0.8
2024-02-22,3,A-C,51.28,14.7
2024-10-20,15,B-D,53.51,-5
2024-08-03,15,A-B,51.76,-2.4
2024-09-06,12,A-B,26.77,-5
2024-04-11,2,C-D,14.55,-5
2024-03-23,2,B-D,13.87,10.0
2024-07-14,19,A-B,73.1,3.9
2024-09-23,0,C-D,18.22,-5
2024-03-04,21,A-B,53.88,11.2
2024-11-26,2,B-C,39.8,6.3
2024-07-29,10,A-D,18.91,-5
2024-03-01,2,C-D,94.77,4.2
2024-11-12,14,A-B,52.88,-3.7
2024-03-17,14,A-D,16.48,12.7
2024-11-26,6,A-C,90.53,-2.7
2024-07-12,11,B-D,13.61,-5
2024-03-29,17,A-D,20.46,6.9
2024-12-29,7,B-D,51.38,10.7
2024-08-03,9,A-D,51.14,-0.6
2024-12-02,12,A-B,91.36,2.0
2024-01-31,8,A-D,25.53,9.9
2024-06-13,1,A-D,52.14,4.3
2024-12-06,6,C-D,50.92,-4.3
2024-06-07,9,A-B,54.09,0.2
2024-12-29,14,B-D,19.92,-1.4
2024-06-28,12,A-B,29.98,-0.1
2024-02-06,20,B-C,20.44,5.1
2024-02-28,20,A-C,54.92,13.2
2024-11-30,8,B-C,94.06,4.9
2024-04-24,8,A-B,36.85,0.3
2024-10-11,2,C-D,71.33,-5
2024-08-18,2,A-B,25.36,-3.1
2024-03-15,17,A-B,38.35,16.5
2024-02-01,10,A-B,54.51,-4.9
2024-06-22,8,C-D,51.01,8.2
2024-10-03,16,A-B,38.81,-5
2024-07-05,8,A-B,74.23,3.8
2024-12-20,20,A-C,39.93,-3.2
2024-06-07,19,B-C,53.94,-1.8
2024-04-18,0,C-D,73.64,13.3
2024-10-24,2,B-D,12.94,-5
2024-01-08,6,C-D,71.04,-5
2024-06-12,17,C-D,72.59,13.7
2024-07-08,4,B-C,70.94,7.8
2024-08-27,20,A-D,50.89,-5
2024-04-12,9,B-D,50.3,12.4
2024-02-01,14,B-C,70.39,9.6
2024-07-17,11,A-B,51.05,-4.0
2024-08-13,17,B-D,94.79,-3.7
2024-09-02,4,A-C,20.65,0.1
2024-02-13,12,B-D,12.3,8.5
2024-12-26,1,A-D,50.73,-1.9
2024-05-13,16,B-D,15.78,0.2
2024-07-25,16,B-C,16.77,-0.8
2024-04-07,22,A-C,92.74,2.2
2024-01-21,11,A-D,91.82,10.5
2024-06-02,13,A-C,27.68,13.1
2024-09-08,13,A-D,71.65,1.3
2024-04-24,14,C-D,51.77,-4.8
2024-08-03,2,B-C,14.41,-5
2024-06-27,5,C-D,22.43,0.6
2024-04-29,7,A-C,35.72,5.7
2024-12-15,23,C-D,91.26,1.3
2024-08-07,19,A-D,52.2,-5
2024-02-16,11,B-D,25.58,11.2
2024-02-02,11,B-C,29.96,7.0
2024-05-09,0,A-C,90.64,3.5
2024-07-10,14,A-C,92.17,-5
2024-03-07,6,B-C,91.43,6.7
2024-03-11,13,C-D,21.34,12.7
2024-09-09,8,A-C,13.41,-5
2024-05-30,18,A-D,25.21,10.6
2024-02-08,6,A-D,20.77,3.9
2024-09-06,16,A-D,19.88,-5
2024-09-19,9,A-C,90.24,-5
2024-09-18,2,A-D,52.48,-4.6
2024-02-27,16,B-D,29.7,0.8
2024-08-03,22,C-D,50.22,0.5
2024-12-29,18,B-C,13.42,8.2
2024-07-12,19,A-B,53.34,11.3
2024-10-03,1,A-C,74.28,-0.9
2024-07-18,0,A-C,21.27,-2.8
2024-11-09,3,C-D,72.18,-3.4
2024-09-07,1,A-C,94.73,-1.9
2024-02-12,6,A-B,38.97,-0.3
2024-01-22,22,B-D,19.95,-0.5
2024-09-03,19,A-B,72.13,-5
2024-01-23,12,B-C,54.13,0.0
2024-10-11,19,A-C,27.47,-5
2024-03-15,10,C-D,90.08,8.8
2024-09-05,19,C-D,39.66,-5
2024-10-03,19,A-C,16.89,-1.8
2024-05-03,14,C-D,14.65,7.9
2024-10-29,7,A-B,19.87,-2.8
2024-12-12,13,C-D,14.77,4.3
2024-10-03,13,B-D,20.06,-5
2024-12-19,22,A-B,93.46,7.6
2024-10-05,15,B-C,25.49,-5
2024-02-17,16,C-D,94.4,8.4
2024-08-27,6,B-D,22.29,-5
2024-04-05,6,B-C,52.57,7.0
2024-06-03,15,B-D,14.1,-2.8
2024-04-24,15,B-D,72.35,13.6
2024-01-07,6,B-C,28.94,-5
2024-05-27,5,A-C,12.46,-4.0
2024-02-16,16,A-C,15.33,16.5
2024-09-18,10,A-C,71.53,-2.5
2024-04-29,19,A-B,15.3,3.4
2024-01-06,20,C-D,16.02,-5
2024-11-11,5,C-D,50.92,-3.4
2024-04-04,2,A-D,74.05,13.7
2024-05-24,14,C-D,54.48,7.2
2024-01-11,16,B-C,15.09,-3.3
2024-09-28,22,A-D,18.84,-3.2
2024-03-23,0,B-C,74.25,13.6
2024-10-13,1,A-C,18.37,-5
2024-12-22,1,A-C,21.76,2.0
2024-07-02,10,A-B,52.36,-0.1
2024-06-26,14,A-D,14.46,11.9
2024-03-28,15,A-B,20.82,5.5
2024-09-26,5,A-C,19.6,-5
2024-11-10,0,B-C,15.84,-2.2
2024-10-20,11,A-B,29.24,-5
2024-05-02,22,B-D,53.61,6.4
2024-10-26,8,A-C,19.5,-4.2
2024-11-19,17,B-C,70.41,-3.3
2024-01-04,15,C-D,37.79,3.5
2024-03-20,8,C-D,71.3,-5
2024-04-15,5,A-C,39.47,-0.3
2024-05-17,8,C-D,90.04,17.9
2024-11-19,3,A-D,54.8,-5
2024-09-17,17,C-D,35.36,-2.9
2024-09-11,4,B-C,28.56,0.3
2024-02-06,8,A-C,16.01,-1.8
2024-12-17,6,B-D,39.51,4.5
2024-06-14,18,A-C,72.63,-5
2024-07-23,19,B-D,52.54,-2.0
2024-03-22,10,A-D,28.44,12.5
2024-09-18,20,C-D,21.33,-1.3
2024-08-11,6,B-C,35.31,-4.9
2024-05-26,8,B-D,90.75,5.2
2024-07-29,4,B-C,54.66,4.0
2024-07-09,16,B-D,74.75,-5
2024-02-26,2,A-B,71.32,4.1
2024-02-24,2,A-C,54.79,4.8
2024-12-29,22,B-C,92.63,-3.7
2024-02-08,23,A-B,90.43,5.4
2024-04-26,4,B-C,93.7,19.0
2024-10-15,5,A-C,13.2,-5
2024-01-23,3,B-D,70.67,3.2
2024-03-06,11,A-D,73.97,4.3
2024-01-27,19,C-D,37.56,10.5
2024-11-04,8,B-C,28.28,6.1
2024-12-18,3,A-C,74.95,-5
2024-10-28,16,A-B,27.99,-4.8
2024-12-10,2,A-B,39.4,-5
2024-10-20,19,B-D,27.28,-5
2024-08-15,9,B-C,29.5,-5
2024-11-21,3,C-D,90.14,-4.4
2024-01-09,17,B-C,26.52,13.6
2024-02-04,7,A-C,54.94,-1.7
2024-10-15,21,A-C,90.62,-5
2024-06-18,2,A-C,15.49,10.4
2024-10-31,1,C-D,92.46,-5
2024-05-01,20,C-D,25.55,1.4
2024-03-02,11,A-C,22.58,11.0
2024-12-25,1,C-D,14.12,2.0
2024-05-31,21,B-D,20.0,-5
2024-04-18,12,A-D,73.46,6.1
2024-11-13,16,A-C,52.98,-5
2024-10-09,17,B-C,26.08,-2.6
2024-07-19,16,A-D,94.1,-5
2024-03-17,6,C-D,53.52,7.2
2024-09-17,22,B-D,14.58,-5
2024-01-23,21,B-D,15.72,-1.1
2024-04-20,15,B-C,39.99,10.2
2024-06-08,11,C-D,72.5,-1.2
2024-05-29,12,C-D,16.02,13.6
2024-06-12,22,A-C,39.03,-2.3
2024-08-25,23,B-D,39.58,-3.7
2024-07-03,5,B-C,18.03,1.3
2024-03-31,21,B-D,35.66,13.2
2024-11-30,21,B-D,19.23,-5
2024-01-13,6,A-D,91.47,-3.1
2024-05-15,7,A-D,35.73,17.3
2024-10-07,7,A-B,13.42,-5
2024-08-04,20,A-D,21.09,-5
2024-04-26,23,A-D,18.9,-0.9
2024-05-03,2,A-B,92.76,10.2
2024-03-30,1,A-B,25.76,9.9
2024-02-04,5,A-D,18.43,0.9
2024-01-01,17,B-C,94.44,-0.4
2024-01-22,1,A-B,53.62,-5
2024-04-11,12,B-C,71.06,7.4
2024-12-25,22,A-B,18.63,0.5
2024-05-11,5,C-D,74.64,-1.8
2024-01-13,6,B-C,14.37,-2.5
2024-03-24,18,B-C,50.65,16.0
2024-08-01,20,A-D,52.29,11.3
2024-04-06,17,B-D,36.04,10.2
2024-07-20,0,A-C,91.56,-2.9
2024-08-21,7,C-D,18.43,-5
2024-04-20,23,A-B,94.5,-5
2024-12-26,19,B-D,70.46,3.4
2024-02-27,0,C-D,20.02,13.5
2024-10-09,18,C-D,92.98,-5
2024-03-15,18,C-D,50.66,15.0
2024-12-07,19,B-C,40.0,-5
2024-06-04,20,B-D,13.49,17.8
2024-06-11,17,A-B,27.09,10.8
2024-12-08,2,A-B,52.96,4.1
2024-10-06,10,C-D,22.03,-5
2024-03-31,7,B-D,21.54,18.1
2024-07-14,13,A-D,73.92,-4.8
2024-02-10,13,A-B,12.58,8.7
2024-06-02,18,C-D,27.63,5.2
2024-01-16,16,A-B,21.38,-0.0
2024-09-02,22,B-C,95.0,-5
2024-01-25,19,A-C,12.37,-5
2024-07-20,3,A-C,52.58,-5
2024-05-09,22,A-B,52.34,4.9
2024-10-09,12,A-B,51.97,-5
2024-08-03,4,A-B,39.09,-5
2024-07-22,23,A-B,35.29,-5
2024-04-12,7,C-D,18.08,12.2
2024-06-29,23,A-B,16.39,3.7
2024-02-16,3,B-C,54.86,13.2
2024-01-15,1,A-C,93.25,5.4
2024-06-16,10,A-C,12.42,-5
2024-12-17,13,A-C,51.74,-3.0
2024-04-20,8,A-C,91.67,10.8
2024-08-02,14,C-D,13.17,-5
2024-10-18,8,A-C,36.81,0.9
2024-12-30,14,B-D,18.02,-5
2024-06-08,6,A-B,38.18,-0.3
2024-10-04,4,C-D,27.1,-2.7
2024-09-27,4,C-D,92.82,-4.6
2024-09-05,10,B-D,51.7,2.7
2024-01-19,17,A-C,20.94,4.2
2024-07-13,22,A-C,92.18,-3.9
2024-01-31,19,B-C,20.96,4.6
2024-01-07,17,A-D,92.91,9.3
2024-09-06,13,B-C,15.49,-5
2024-04-08,10,A-D,90.91,11.8
2024-04-27,10,B-D,27.5,8.8
2024-04-25,0,A-D,35.58,4.8
2024-11-21,19,A-D,37.78,3.3
2024-07-01,16,C-D,21.08,4.0
2024-01-22,13,A-C,27.39,6.2
2024-05-16,10,B-C,54.65,5.6
2024-01-10,7,A-B,28.39,2.5
2024-10-19,7,A-B,92.42,-1.1
2024-04-21,5,A-B,36.22,6.8
2024-03-07,3,B-C,18.33,-0.5
2024-08-29,0,A-C,36.03,-5
2024-11-17,14,C-D,54.26,-1.5
2024-04-11,16,A-B,29.68,8.4
2024-09-05,3,A-C,53.74,-5
2024-08-08,0,A-B,71.26,-0.2
2024-09-09,10,B-C,13.37,5.7
2024-06-23,2,C-D,74.67,-5
2024-11-06,7,A-D,14.98,-5
2024-04-23,4,A-B,53.72,4.4
2024-10-13,3,B-C,36.31,-5
2024-07-02,19,A-D,73.77,-4.6
2024-12-29,13,A-C,26.68,-1.6
2024-02-01,12,B-C,93.56,4.3
2024-12-16,8,A-C,27.3,1.8
2024-02-02,23,A-D,28.25,1.7
2024-09-07,4,B-D,28.26,-5
2024-12-02,16,A-C,52.6,4.4
2024-10-12,22,A-D,13.98,-1.8
2024-08-17,0,A-C,22.72,-5
2024-03-27,7,C-D,35.02,15.7
2024-01-19,15,C-D,90.35,-1.4
2024-10-02,7,A-D,94.7,-5
2024-12-15,13,A-B,22.11,-5
2024-12-22,23,B-D,14.62,11.1
2024-11-20,1,B-C,53.64,6.5
2024-10-19,19,A-D,71.59,-5
2024-06-02,21,A-D,13.85,-3.0
2024-05-18,9,B-D,38.09,4.3
2024-08-29,4,B-C,20.52,-5
2024-01-14,8,B-D,72.86,-1.2
2024-02-16,9,A-C,54.39,4.9
2024-12-18,10,A-D,18.87,0.4
2024-09-05,4,B-C,51.61,-5
2024-05-21,19,A-D,14.09,8.1
2024-12-27,15,C-D,91.55,-5
2024-01-11,7,B-D,73.07,10.2
2024-09-10,5,B-D,52.27,-5
2024-04-27,14,A-D,21.14,7.3
2024-01-28,9,B-C,39.66,2.7
2024-10-22,1,B-C,54.74,-2.5
2024-07-21,4,B-C,19.89,-5
2024-10-26,21,C-D,15.39,-5
2024-01-10,3,B-D,27.42,4.1
2024-08-25,23,A-D,74.89,-3.1
2024-08-03,22,A-D,20.36,-3.6
2024-05-24,4,A-C,22.51,5.8
2024-12-23,1,A-B,73.09,8.7
2024-06-13,10,A-B,28.66,3.8
2024-12-24,19,B-C,27.94,1.0
2024-07-20,11,A-C,22.98,8.1
2024-08-06,18,B-D,36.55,-4.4
2024-08-28,7,A-B,36.32,-5
2024-07-03,11,A-D,94.14,12.6
2024-09-29,12,A-C,13.71,-5
2024-06-07,11,A-B,22.97,-1.8
2024-01-09,22,B-C,93.92,14.2
2024-12-10,21,B-C,39.01,1.6
2024-12-18,15,C-D,22.02,4.8
2024-09-10,10,B-D,52.42,-5
2024-06-20,18,A-C,38.4,-5
2024-07-12,0,A-D,73.89,-5
2024-08-09,19,C-D,15.78,-1.2
2024-05-25,16,A-B,92.86,14.3
2024-01-23,14,B-D,50.59,2.9
2024-10-05,4,A-D,91.09,-5
2024-07-05,15,B-D,39.9,-0.6
2024-11-16,7,A-D,90.89,-1.7
2024-11-01,18,A-D,71.63,-5
2024-11-02,21,A-C,29.19,-2.2
2024-02-23,8,A-C,13.55,2.8
2024-01-11,16,A-B,71.12,2.4
2024-09-06,12,B-D,38.63,-5
2024-05-05,11,B-D,26.83,3.2
2024-12-07,1,A-C,15.95,2.1
2024-10-13,16,A-D,51.5,-5
2024-07-14,15,A-C,91.25,-5
2024-09-28,20,C-D,38.66,-5
2024-07-01,22,C-D,25.92,-5
2024-10-04,1,B-C,71.31,-5
2024-04-07,23,A-D,35.98,2.3
2024-10-26,2,C-D,72.9,-5
2024-08-04,0,C-D,38.08,-5
2024-07-27,11,A-C,37.98,4.9
2024-07-30,18,A-C,39.22,-0.4
2024-06-08,6,B-C,12.19,6.7
2024-09-27,21,A-C,36.45,-5
2024-07-09,2,A-D,26.77,-2.8
2024-01-23,13,C-D,38.62,0.1
2024-03-09,1,B-C,71.68,6.9
2024-02-20,5,B-D,38.57,9.6
2024-02-14,11,A-B,94.85,0.6
2024-09-15,20,B-D,39.64,-5
2024-06-03,12,C-D,72.68,0.6
2024-07-24,6,A-B,29.58,1.4
2024-04-06,20,B-D,19.42,-1.2
2024-02-29,19,B-D,70.94,2.0
2024-11-26,20,A-D,91.11,-3.8
2024-06-17,8,B-D,38.61,9.9
2024-08-23,20,B-D,15.9,-5
2024-12-22,9,C-D,37.9,-2.9
2024-04-06,22,A-D,51.99,14.9
2024-05-14,15,B-C,27.99,4.9
2024-01-26,23,A-C,39.35,16.0
2024-02-07,3,C-D,16.81,-2.6
2024-08-28,14,B-D,16.36,-5
2024-10-27,2,B-D,94.09,-0.4
2024-12-27,3,A-D,27.24,8.0
2024-01-09,7,A-C,39.07,7.1
2024-02-16,3,C-D,53.7,5.3
2024-10-30,1,A-B,29.6,-5
2024-12-17,20,B-D,21.78,7.8
2024-10-03,10,B-D,27.32,-1.0
2024-01-07,16,B-C,25.46,4.2
2024-07-24,5,B-D,90.82,-1.9
2024-09-20,10,C-D,16.62,-4.7
2024-12-12,15,A-C,53.6,-3.4
2024-02-29,10,B-D,14.56,10.3
2024-05-10,3,A-B,26.02,1.4
2024-03-12,5,B-C,19.76,16.6
2024-08-10,16,A-B,71.83,-5
2024-05-28,4,B-D,51.35,16.7
2024-02-08,21,A-C,50.27,8.7
2024-07-05,13,A-B,27.79,12.4
2024-07-11,17,A-D,15.64,-3.2
2024-12-01,0,A-D,38.81,-2.9
2024-02-04,9,C-D,90.53,7.0
2024-07-14,13,A-C,93.67,-5
2024-08-06,19,C-D,91.73,-3.0
2024-11-04,10,A-B,16.85,-5
2024-11-29,4,A-D,91.39,-2.5
2024-09-27,22,A-D,90.47,-3.8
2024-06-05,19,B-C,37.43,10.9
2024-09-14,14,A-B,28.99,-3.2
2024-06-01,6,A-D,52.73,-1.2
2024-01-23,7,A-B,72.13,15.4
2024-03-22,12,A-B,91.99,20.8
2024-02-09,14,C-D,50.58,-1.7
2024-02-10,18,A-B,70.59,-5
2024-12-03,11,A-C,93.77,-5
2024-12-07,21,A-D,94.01,-5
2024-08-30,21,C-D,38.48,-1.9
2024-12-26,4,B-C,12.83,2.3
2024-08-21,4,C-D,37.72,-5
2024-08-11,23,A-B,21.16,-3.8
2024-11-25,6,A-C,93.14,-5
2024-04-04,19,B-D,39.18,5.5
2024-11-12,21,A-C,91.67,-4.5
2024-09-01,16,C-D,39.95,-5
2024-02-24,19,B-D,71.46,4.6
2024-02-11,12,B-C,21.95,5.9
2024-03-13,2,B-C,26.74,14.9
2024-04-09,10,A-D,53.97,7.9
2024-10-29,4,A-D,72.44,-5
2024-11-08,1,B-C,35.94,0.1
2024-09-16,19,B-C,12.07,-2.2
2024-06-22,10,A-D,12.9,3.9
2024-08-24,8,A-C,19.74,-5
2024-01-13,11,A-D,52.31,-5
2024-09-27,3,C-D,36.58,-5
2024-07-31,4,A-D,72.82,-5
2024-11-04,1,A-C,73.45,-4.9
2024-06-09,21,C-D,16.86,-1.5
2024-11-24,21,B-C,27.29,-5
2024-08-01,4,A-C,20.11,-5
2024-03-15,5,A-C,25.07,11.5
2024-09-05,12,A-D,93.36,-5
2024-12-16,21,A-B,36.65,1.6
2024-07-02,4,A-B,50.74,0.3
2024-06-25,21,B-D,94.47,7.5
2024-04-12,12,B-C,38.81,11.6
2024-05-22,10,C-D,54.23,15.3
2024-12-09,3,C-D,14.03,4.5
2024-07-14,19,B-D,72.22,7.3
2024-10-21,2,A-B,29.71,-0.9
2024-04-09,4,A-B,35.4,9.7
2024-04-20,19,A-B,18.06,3.6
2024-05-27,6,B-C,37.02,-3.7
2024-05-25,20,B-C,37.52,9.4
2024-05-01,13,B-C,73.54,8.4
2024-10-18,1,A-C,91.94,-4.2
2024-10-13,1,B-C,12.91,-5
2024-04-29,3,C-D,50.97,5.5
2024-11-16,6,A-D,29.02,-5
2024-11-02,21,B-C,37.32,-4.6
2024-10-16,22,A-D,51.19,-5
2024-12-09,22,A-D,72.33,2.9
2024-08-20,3,A-D,71.65,-5
2024-04-05,13,B-C,53.62,3.2
2024-12-30,15,B-D,38.4,-2.1
2024-12-09,22,B-D,37.22,0.3
2024-01-16,7,A-B,72.02,-2.8
2024-09-30,16,C-D,13.53,12.2
2024-10-17,17,B-D,12.2,-3.1
2024-05-18,16,B-D,72.33,7.8
2024-05-28,14,A-C,38.34,2.6
2024-08-04,3,A-C,13.41,-5
2024-07-05,23,B-D,25.51,-5
2024-05-11,17,B-C,14.22,5.3
2024-02-20,15,B-C,13.05,7.1
2024-07-19,23,A-D,12.2,2.3
2024-11-27,4,A-D,70.56,-5
2024-05-14,1,C-D,26.73,11.7
2024-10-09,13,B-D,26.72,0.3
2024-08-14,10,A-C,37.52,-5
2024-09-24,23,B-C,73.4,-4.6
2024-05-18,11,C-D,20.83,12.2
2024-06-23,6,C-D,16.65,-2.8
2024-10-17,12,C-D,18.7,-5
2024-11-26,20,A-D,70.23,-5
2024-12-28,10,B-C,53.86,1.5
2024-12-13,3,A-D,13.92,10.2
2024-12-09,21,B-D,52.5,-5
2024-01-24,11,A-C,91.73,-1.0
2024-03-09,0,B-D,39.88,2.8
2024-08-09,19,C-D,26.48,-5
2024-01-02,3,A-C,14.23,-5
2024-09-01,14,A-D,36.46,1.5
2024-09-02,1,B-D,28.52,-5
2024-01-31,18,C-D,21.72,5.7
2024-08-08,2,B-C,70.51,-0.7
2024-05-28,7,A-C,90.15,9.1
2024-08-28,5,A-B,72.93,-5
2024-08-25,20,C-D,52.13,-3.3
2024-06-29,10,B-D,92.36,-5
2024-04-05,21,A-B,92.34,11.6
2024-07-30,14,A-C,92.53,-3.2
2024-12-15,17,B-D,25.75,3.2
2024-11-03,1,C-D,28.61,-5
2024-02-27,16,A-B,71.66,18.4
2024-10-05,12,A-C,70.47,-5
2024-04-26,13,B-D,14.33,6.5
2024-07-04,10,A-D,18.73,-3.8
2024-03-04,18,B-D,18.95,17.3
2024-12-21,23,A-D,12.67,4.7
2024-01-25,3,C-D,70.41,1.7
2024-01-31,12,A-D,94.63,-3.3
2024-05-04,9,C-D,14.27,7.1
2024-12-16,16,A-B,36.72,-5
2024-07-11,1,A-C,94.76,-0.5
2024-10-06,13,C-D,21.24,-5
2024-03-29,15,B-D,91.44,-3.7
2024-04-16,9,B-D,93.13,12.8
2024-06-06,23,B-C,52.05,-1.1
2024-12-18,11,B-C,20.2,-0.8
2024-12-07,14,C-D,74.71,-0.4
2024-05-05,21,B-C,52.01,-0.2
2024-02-03,12,B-D,91.74,21.5
2024-08-27,20,A-B,52.16,-5
2024-04-27,4,C-D,37.59,7.4
2024-08-17,3,B-C,52.7,-5
2024-11-27,23,B-C,21.14,-5
2024-10-12,12,A-D,72.87,-2.5
2024-12-22,12,A-C,19.58,-5
2024-08-22,14,C-D,36.0,-3.2
2024-01-11,2,C-D,20.83,-5
2024-08-17,16,B-D,29.3,-5
2024-07-27,13,B-C,52.17,-2.7
2024-09-21,0,A-D,27.57,-5
2024-10-02,15,C-D,20.1,8.3
2024-10-17,21,C-D,50.52,-5
2024-10-16,21,A-C,93.87,-5
2024-05-24,8,C-D,53.88,17.3
2024-01-17,0,A-C,53.0,-1.8
2024-04-03,23,C-D,20.06,18.4
2024-03-31,7,A-D,27.02,11.8
2024-07-07,22,C-D,18.73,-5
2024-11-07,7,A-D,26.18,-5.0
2024-10-10,17,A-C,53.34,-5
2024-04-19,7,A-D,21.07,3.9
2024-10-11,21,A-D,21.57,-1.5
2024-06-14,13,A-B,22.97,0.1
2024-05-04,5,B-D,35.72,9.9
2024-05-01,0,A-D,70.09,2.2
2024-12-29,12,B-C,37.39,-4.1
2024-04-19,4,A-B,16.32,4.2
2024-08-06,11,B-D,51.11,-1.0
2024-02-06,13,A-D,91.37,-5
2024-04-08,1,A-C,20.0,14.9
2024-10-06,16,B-C,21.56,-5
2024-08-01,1,A-C,73.88,3.9
2024-04-04,21,A-C,92.72,9.8
2024-11-01,4,B-C,72.29,-5
2024-01-16,18,A-B,29.26,2.6
2024-08-01,13,A-D,18.15,-2.5
2024-03-19,11,A-C,18.79,-1.9
2024-01-16,5,A-D,72.74,-1.6
2024-08-11,13,A-D,36.66,-1.1
2024-04-20,9,B-C,16.17,15.0
2024-12-12,4,B-D,22.17,-4.2
2024-01-11,16,C-D,72.75,5.7
2024-04-18,13,B-C,93.16,12.5
2024-06-20,13,A-C,37.85,10.8
2024-05-31,22,A-B,15.55,-0.4
2024-05-06,20,A-D,39.58,4.8
2024-06-29,19,C-D,71.1,-5
2024-06-05,21,C-D,14.71,5.1
2024-01-23,3,B-D,39.25,1.7
2024-11-16,9,B-C,53.98,-5
2024-07-28,3,A-B,92.9,-5
2024-05-14,17,B-C,38.91,5.2
2024-11-04,15,A-B,74.63,-5
2024-06-27,11,A-D,14.83,4.3
2024-11-12,17,B-D,94.05,-5
2024-11-10,6,A-D,90.92,-5
2024-06-16,4,B-C,52.7,14.4
2024-07-30,1,B-D,19.23,-4.1
2024-12-12,12,C-D,22.62,-1.9
2024-10-02,11,A-D,37.95,-5
2024-07-02,9,C-D,72.94,-5
2024-09-08,8,B-D,25.15,5.9
2024-08-14,22,A-D,13.83,0.4
2024-06-21,23,C-D,15.28,6.8
2024-01-01,3,A-B,29.09,1.9
2024-04-24,20,B-D,39.16,5.5
2024-06-07,14,A-B,12.28,-5
2024-09-26,11,B-C,22.78,-5
2024-02-29,8,A-C,93.08,27.3
2024-08-23,18,B-C,36.7,-5
2024-05-18,5,B-C,27.97,4.8
2024-02-07,18,B-D,26.6,11.5
2024-10-02,3,C-D,92.25,-5
2024-10-24,14,C-D,28.38,-5
2024-05-29,21,B-C,28.54,2.8
2024-12-26,6,C-D,36.57,1.8
2024-04-20,11,C-D,16.02,-1.9
2024-04-03,17,B-D,12.96,2.8
2024-06-15,19,A-B,52.36,-4.5
2024-03-24,1,B-D,25.41,8.3
2024-04-23,13,A-B,21.41,1.7
2024-04-07,10,B-C,16.85,20.3
2024-12-24,3,C-D,21.0,2.0
2024-11-06,12,A-C,52.08,-5
2024-11-28,10,A-D,28.4,-5
2024-08-04,11,B-C,20.58,-5
2024-02-06,17,A-B,19.65,7.4
2024-09-29,13,B-D,54.9,-5
2024-10-15,12,A-B,52.41,-5
2024-11-06,11,A-B,21.48,-5
2024-03-08,2,A-B,25.16,4.9
2024-02-28,7,C-D,36.45,9.1
2024-01-12,13,B-C,73.11,9.4
2024-03-12,23,B-D,29.51,0.6
2024-07-05,1,A-D,35.6,-0.7
2024-01-27,13,B-C,36.59,17.5
2024-12-22,7,B-D,28.75,2.7
2024-09-27,8,C-D,50.73,0.3
2024-03-22,3,A-C,26.72,10.0
2024-10-12,2,A-C,15.62,-5
2024-11-11,18,A-B,92.51,-2.8
2024-05-27,0,B-D,53.05,4.1
2024-12-13,15,B-D,19.69,-5
2024-10-09,16,A-B,52.4,-5
2024-07-05,15,B-D,93.32,-5
2024-06-05,11,B-D,74.87,-5
2024-04-28,17,B-C,25.89,4.6
2024-08-09,4,B-C,92.4,-1.8
2024-10-20,2,A-B,73.94,-5
2024-01-30,1,A-C,35.19,-5
2024-09-14,13,A-B,50.36,-4.6
2024-09-16,18,B-C,72.85,-5
2024-12-23,8,B-C,20.63,-0.9
2024-06-20,2,B-C,26.12,-5
2024-08-03,0,B-D,22.44,-5
2024-04-14,12,C-D,71.14,8.6
2024-07-25,9,B-D,36.72,0.2
2024-07-11,8,A-C,13.12,2.5
2024-11-28,22,C-D,92.55,-5
2024-04-30,18,A-D,38.1,6.7
2024-06-30,2,A-C,91.67,-2.7
2024-12-20,4,A-B,70.61,-5
2024-02-27,9,B-D,92.54,4.3
2024-08-11,16,C-D,37.53,-0.2
2024-09-13,13,A-B,28.99,-5
2024-12-19,5,A-C,28.88,4.0
2024-02-05,3,A-D,29.99,7.7
2024-11-22,21,B-D,37.6,-5
2024-03-06,11,A-C,25.66,11.0
2024-03-24,7,B-D,92.92,7.3
2024-02-06,5,C-D,19.09,6.6
2024-02-02,7,B-D,72.95,5.0
2024-01-06,16,A-C,38.71,-2.4
2024-10-19,5,C-D,26.11,-5
2024-01-20,23,B-D,91.51,-0.4
2024-08-31,22,B-C,91.14,-5
2024-01-21,6,B-D,92.86,-0.8
2024-02-15,23,A-D,26.69,-5
2024-07-11,13,B-C,74.05,-4.6
2024-04-04,17,C-D,15.83,7.1
2024-11-11,9,B-D,72.6,-5
2024-05-26,4,B-C,73.99,10.9
2024-02-14,9,A-D,52.52,-1.8
2024-11-28,7,A-B,71.4,4.5
2024-11-18,8,A-B,91.66,1.1
2024-09-27,15,A-B,25.47,-5
2024-06-09,21,B-D,50.81,11.2
2024-10-05,16,B-D,26.04,1.1
2024-02-27,19,A-B,25.61,4.3
2024-08-25,20,A-C,72.35,-5
2024-05-01,13,C-D,91.97,3.8
2024-04-17,9,A-D,19.56,10.4
2024-02-23,19,B-D,72.26,12.3
2024-07-25,21,B-D,71.7,-3.7
2024-07-22,7,A-C,70.76,-5
2024-02-24,15,A-B,20.75,8.0
2024-09-14,11,B-C,70.43,-5
2024-11-10,2,B-D,22.64,-5
2024-06-24,20,A-C,54.88,5.8
2024-10-03,21,A-D,51.65,-5
2024-07-06,23,B-D,38.06,-5
2024-01-07,15,B-D,27.83,4.6
2024-02-10,16,A-D,72.57,12.0
2024-11-11,13,A-C,18.04,-5
2024-10-18,22,C-D,36.8,-5
2024-02-03,10,A-B,27.0,5.4
2024-08-11,14,A-B,20.68,-5
2024-06-13,12,B-C,25.55,-1.1
2024-02-14,3,A-D,50.88,5.0
2024-02-14,3,B-C,51.05,3.7
2024-11-03,7,A-C,70.6,2.5
2024-04-26,11,B-C,26.36,11.1
2024-04-06,9,B-C,38.16,21.0
2024-11-08,5,C-D,54.2,-2.4
2024-06-17,19,A-C,73.64,10.4
2024-03-14,17,A-D,93.95,11.0
2024-02-02,11,B-C,29.54,15.0
2024-02-14,3,B-D,38.32,5.8
2024-11-21,14,B-D,18.25,-5
2024-07-26,0,A-D,26.17,-5
2024-05-21,4,B-C,27.26,13.4
2024-07-16,9,A-D,50.14,-5
2024-02-03,11,A-D,72.08,11.4
2024-12-05,5,B-C,12.85,-4.2
2024-05-05,2,B-C,52.89,3.9
2024-09-20,10,B-C,20.9,-5
2024-02-25,19,A-B,94.61,8.5
2024-04-06,16,B-D,13.32,15.3
2024-11-24,7,A-B,92.86,6.4
2024-08-09,11,C-D,29.42,2.8
2024-07-30,1,C-D,71.94,0.7
2024-12-30,23,A-B,39.88,4.6
2024-05-03,14,A-D,16.27,10.5
2024-07-22,21,A-B,14.98,-0.6
2024-04-15,10,B-D,52.93,5.7
2024-09-16,23,B-C,93.53,-5
2024-10-28,21,A-D,18.87,-5
2024-01-29,2,A-B,50.49,14.2
2024-06-27,5,A-D,15.1,-0.4
2024-10-15,8,B-D,16.73,-5
2024-02-23,7,B-D,52.78,5.7
2024-12-05,8,A-C,53.6,-5
2024-08-07,11,A-B,73.6,-5
2024-05-10,10,A-B,16.57,7.0
2024-07-04,0,A-C,19.71,-3.3
2024-03-07,13,C-D,19.23,3.1
2024-12-18,13,A-C,20.14,-5
2024-04-20,13,A-C,71.87,1.8
2024-04-19,8,C-D,53.66,11.5
2024-05-30,15,A-C,74.96,12.2
2024-01-05,3,A-D,12.69,1.6
2024-09-12,18,A-C,13.84,-1.5
2024-12-18,20,A-B,13.37,1.5
2024-09-19,22,C-D,19.46,-5
2024-10-03,17,B-D,51.52,-5
2024-08-26,19,A-B,28.71,-5
2024-08-23,20,B-C,91.86,-1.4
2024-09-07,20,A-B,15.82,-5
2024-07-31,15,A-C,36.93,3.5
2024-08-10,21,A-C,72.11,3.6
2024-01-01,10,C-D,19.81,-5
2024-09-01,2,B-C,91.09,-3.5
2024-08-22,5,C-D,15.18,-3.0
2024-06-06,3,B-C,27.88,9.1
2024-04-21,2,A-B,51.88,0.9
2024-11-04,20,B-D,12.42,-0.2
2024-01-05,9,C-D,35.89,0.1
2024-04-08,4,A-C,70.82,10.9
2024-08-18,7,C-D,13.67,0.9
2024-02-09,2,A-D,70.7,-3.2
2024-09-03,10,A-C,72.42,-5
2024-06-15,2,A-B,14.25,-5
2024-05-23,17,C-D,38.83,-1.5
2024-02-27,23,B-D,93.66,-4.4
2024-04-11,8,A-D,74.78,-5
2024-12-27,10,A-C,15.29,-1.3
2024-02-26,17,B-D,51.38,2.5
2024-11-20,4,C-D,18.3,-0.0
2024-01-16,22,A-B,28.06,-5
2024-11-20,3,A-B,12.45,-5
2024-10-09,12,A-B,22.81,-5
2024-05-15,4,A-B,21.22,11.5
2024-08-14,23,B-D,29.29,-1.4
2024-10-27,13,B-D,20.07,-3.3
2024-10-30,0,C-D,35.58,-5
2024-10-22,23,B-C,35.06,-3.5
2024-04-23,16,A-D,20.84,-2.1
2024-11-03,19,A-C,74.49,-5
2024-08-14,6,B-C,36.96,-5
2024-05-04,5,B-D,72.72,-0.7
2024-03-14,9,A-C,73.2,6.3
2024-01-31,20,C-D,90.96,6.6
2024-09-22,10,B-C,25.21,-5
2024-04-03,15,B-D,21.49,12.2
2024-06-21,4,A-D,54.43,1.9
2024-04-28,21,B-C,27.76,13.4
2024-01-15,7,C-D,71.4,11.1
2024-09-20,23,B-D,38.48,-5
2024-01-15,21,A-B,25.92,6.9
2024-05-02,9,A-B,18.67,3.0
2024-10-13,8,A-C,26.4,-1.8
2024-11-25,15,C-D,25.7,-5
2024-09-29,18,C-D,50.94,-1.0
2024-01-21,10,C-D,29.58,5.2
2024-01-18,23,A-D,91.7,-3.6
2024-07-20,22,B-D,20.46,-1.3
2024-02-21,20,A-B,16.91,5.0
2024-11-01,20,A-B,15.57,-5
2024-07-28,15,A-B,21.27,4.4
2024-10-05,14,A-B,94.95,0.5
2024-10-10,5,A-C,27.4,-0.7
2024-02-06,10,A-D,70.89,15.1
2024-01-11,23,A-C,28.91,-0.7
2024-03-12,22,A-C,20.88,5.8
2024-10-31,21,C-D,74.29,4.0
2024-01-03,23,B-C,53.0,7.5
2024-05-13,21,B-C,20.2,5.8
2024-11-11,21,C-D,39.01,-5
2024-02-24,4,A-D,16.11,1.4
2024-12-06,9,C-D,54.26,-5
2024-03-23,10,A-C,50.43,12.5
2024-05-29,18,B-D,91.54,11.1
2024-11-20,8,A-C,50.05,-5
2024-04-14,20,A-B,35.13,8.7
2024-07-02,20,A-B,12.12,3.4
2024-06-25,2,A-D,20.65,-3.8
2024-06-17,1,A-C,25.57,-1.2
2024-01-20,5,A-C,52.62,-5
2024-05-16,1,B-D,27.51,5.4
2024-08-02,5,A-C,52.69,-1.2
2024-10-19,23,B-C,16.64,-3.6
2024-06-02,15,C-D,37.65,-5
2024-06-10,19,C-D,54.23,3.9
2024-08-22,4,B-D,22.69,0.7
2024-02-19,22,B-D,51.52,-4.8
2024-03-29,7,A-D,14.1,21.0
2024-07-26,4,A-D,93.9,7.6
2024-10-21,16,B-D,91.01,-5
2024-09-01,1,B-C,26.0,-5
2024-06-04,3,A-B,90.85,1.1
2024-02-17,22,A-B,54.14,5.9
2024-06-17,18,A-D,74.91,5.9
2024-08-18,1,A-C,94.4,-5
2024-12-24,23,A-D,29.33,2.7
2024-01-12,8,B-C,21.09,2.4
2024-01-08,18,A-C,35.91,5.6
2024-07-04,9,A-C,21.85,0.9
2024-03-11,10,C-D,26.42,12.1
2024-10-19,8,A-D,91.13,0.3
2024-07-23,14,B-C,20.74,2.3
2024-01-16,20,A-D,73.19,-1.8
2024-09-29,14,B-D,25.83,-5
2024-10-12,12,B-D,90.01,-5
2024-01-05,7,B-D,25.16,3.2
2024-11-25,12,B-D,16.31,2.1
2024-08-11,16,B-D,71.29,4.5
2024-11-21,18,A-D,50.44,-5
2024-12-04,1,B-C,91.49,-0.8
2024-06-14,2,B-D,20.07,6.1
2024-03-26,7,A-C,26.51,9.7
2024-08-01,17,B-D,92.3,4.2
2024-09-17,3,A-B,37.41,-5
2024-08-12,20,B-D,37.99,3.7
2024-07-05,10,B-C,20.26,-1.1
2024-12-15,17,B-C,38.91,-1.9
2024-11-29,22,A-B,50.38,-5
2024-06-13,13,B-C,91.36,-5
2024-02-14,4,A-C,14.64,8.5
2024-10-16,12,A-B,39.33,-1.8
2024-10-05,10,A-D,50.14,-5
2024-06-23,22,A-D,38.97,10.5
2024-09-28,21,B-C,18.82,0.5
2024-11-23,11,A-C,22.98,-5
2024-04-03,22,A-D,54.64,7.1
2024-04-14,7,C-D,21.17,11.6
2024-01-19,7,B-D,70.78,18.5
2024-09-02,8,B-D,36.09,-5
2024-08-31,0,A-C,71.29,-2.6
2024-06-07,15,A-C,93.07,1.1
2024-08-06,18,B-C,50.27,4.0
2024-03-21,5,A-C,51.04,6.5
2024-11-11,5,A-C,14.55,-3.6
2024-12-20,15,A-D,72.92,-2.1
2024-05-18,1,A-C,71.81,10.7
2024-12-29,9,B-C,12.99,-3.9
2024-04-29,1,B-D,18.89,4.4